item_id,order_id,product_id,quantity,item_price
1,1,183,4,196.91
2,2,198,2,23.1
3,3,198,4,23.6
4,4,79,2,219.16
5,5,53,4,212.72
6,6,65,5,456.25
7,7,81,5,338.89
8,8,78,3,195.61
9,9,176,5,86.99
10,10,156,4,347.93
11,11,142,1,77.61
12,12,25,3,49.16
13,13,17,4,117.6
14,14,33,3,20.23
15,15,44,4,115.4
16,16,181,1,103.69
17,17,50,5,281.83
18,18,121,1,456.64
19,19,96,2,5.78
20,20,148,1,155.51
21,21,118,2,445.61
22,22,91,2,81.04
23,23,106,3,486.66
24,24,41,4,194.87
25,25,25,4,55.42
26,26,168,1,470.85
27,27,52,2,439.29
28,28,82,4,364.67
29,29,10,4,463.85
30,30,12,3,421.56
31,31,43,1,312.16
32,32,58,2,278.43
33,33,172,4,141.83
34,34,134,1,10.59
35,35,68,1,409.42
36,36,52,2,479.48
37,37,65,3,471.12
38,38,65,2,444.51
39,39,159,1,83.42
40,40,57,5,272.25
41,41,113,3,260.31
42,42,175,3,443.62
43,43,163,1,114.32
44,44,136,2,95.95
45,45,70,2,169.6
46,46,126,3,290.83
47,47,186,3,52.77
48,48,131,4,35.61
49,49,62,1,403.94
50,50,60,5,288.81
51,51,108,4,391.68
52,52,139,2,257.51
53,53,181,1,105.84
54,54,187,4,59.8
55,55,60,5,264.48
56,56,164,1,226.67
57,57,38,2,193.56
58,58,143,1,109.23
59,59,131,2,32.43
60,60,90,5,526.6
61,61,1,3,434.16
62,62,195,4,262.27
63,63,14,1,90.65
64,64,62,3,385.88
65,65,23,3,172.1
66,66,84,4,143.63
67,67,45,5,182.0
68,68,171,4,312.25
69,69,93,2,190.71
70,70,73,3,519.35
71,71,41,3,190.25
72,72,57,5,293.59
73,73,16,5,53.54
74,74,197,5,131.38
75,75,151,3,122.86
76,76,133,5,325.81
77,77,71,1,304.42
78,78,118,5,481.57
79,79,2,2,66.07
80,80,29,5,279.01
81,81,9,5,374.92
82,82,159,1,82.05
83,83,51,5,260.51
84,84,123,2,112.33
85,85,25,4,56.15
86,86,97,2,72.29
87,87,198,3,21.75
88,88,14,3,80.54
89,89,154,5,49.28
90,90,50,1,332.5
91,91,129,2,253.12
92,92,108,1,354.97
93,93,135,4,80.79
94,94,155,1,190.28
95,95,102,4,165.17
96,96,47,5,219.72
97,97,155,5,178.46
98,98,198,3,20.91
99,99,178,1,243.96
100,100,116,2,202.12
101,101,117,1,318.8
102,102,47,1,208.44
103,103,194,4,93.83
104,104,41,1,188.69
105,105,141,3,32.63
106,106,76,1,80.41
107,107,138,1,186.02
108,108,116,5,180.22
109,109,182,2,50.47
110,110,132,2,58.58
111,111,185,2,482.96
112,112,128,2,261.12
113,113,149,5,136.91
114,114,200,1,37.05
115,115,118,5,479.49
116,116,19,4,403.0
117,117,26,4,41.18
118,118,185,2,504.15
119,119,29,5,255.29
120,120,75,3,393.96
121,121,61,5,302.9
122,122,127,4,154.69
123,123,105,3,225.08
124,124,25,3,57.0
125,125,87,4,57.16
126,126,98,4,10.23
127,127,64,3,138.02
128,128,160,5,121.43
129,129,18,4,237.65
130,130,108,3,366.89
131,131,32,4,96.24
132,132,73,4,446.67
133,133,95,1,238.48
134,134,192,5,366.36
135,135,82,2,438.22
136,136,170,3,268.58
137,137,133,2,315.62
138,138,132,3,56.44
139,139,111,3,302.31
140,140,163,5,107.77
141,141,38,5,173.22
142,142,68,1,404.47
143,143,95,2,201.74
144,144,160,3,129.71
145,145,128,2,244.32
146,146,142,3,76.11
147,147,176,4,83.06
148,148,155,2,196.41
149,149,67,3,92.27
150,150,151,2,115.21
151,151,142,5,88.17
152,152,134,1,11.48
153,153,52,3,437.49
154,154,147,5,272.07
155,155,59,1,312.83
156,156,78,3,198.19
157,157,19,4,380.84
158,158,29,1,279.68
159,159,90,2,522.53
160,160,166,5,500.55
161,161,85,4,251.31
162,162,17,5,104.35
163,163,22,5,63.26
164,164,22,3,62.48
165,165,62,2,343.69
166,166,103,4,212.77
167,167,91,5,84.95
168,168,185,1,449.82
169,169,145,3,29.35
170,170,189,2,319.35
171,171,119,1,195.53
172,172,65,1,437.49
173,173,159,3,72.93
174,174,98,5,9.47
175,175,144,2,28.2
176,176,60,4,276.55
177,177,7,4,72.34
178,178,86,5,371.19
179,179,194,5,96.91
180,180,106,5,436.99
181,181,48,1,266.61
182,182,66,4,105.04
183,183,150,5,58.84
184,184,97,4,69.61
185,185,105,3,209.06
186,186,66,3,110.93
187,187,185,1,501.98
188,188,172,2,163.95
189,189,122,5,314.76
190,190,133,4,342.96
191,191,47,4,194.88
192,192,119,2,184.68
193,193,119,3,182.96
194,194,180,1,45.9
195,195,41,1,168.11
196,196,170,5,323.42
197,197,143,3,106.58
198,198,81,1,306.81
199,199,163,4,96.4
200,200,148,2,172.18
201,201,8,2,122.37
202,202,76,5,79.14
203,203,41,5,176.62
204,204,186,2,53.91
205,205,47,1,209.11
206,206,2,5,55.77
207,207,5,2,202.51
208,208,101,2,52.07
209,209,126,5,307.34
210,210,125,4,221.31
211,211,171,1,304.05
212,212,131,3,34.76
213,213,19,3,415.53
214,214,152,1,457.46
215,215,67,4,82.47
216,216,3,4,343.03
217,217,9,1,427.54
218,218,182,4,53.83
219,219,94,5,184.61
220,220,180,2,49.77
221,221,134,4,11.41
222,222,108,1,342.71
223,223,22,5,60.01
224,224,185,4,466.14
225,225,85,2,249.34
226,226,174,3,222.49
227,227,89,3,218.79
228,228,133,5,319.71
229,229,82,1,408.89
230,230,159,4,85.74
231,231,127,1,154.99
232,232,12,3,374.65
233,233,193,3,70.86
234,234,26,2,35.1
235,235,158,4,369.09
236,236,13,5,63.55
237,237,116,2,192.77
238,238,121,5,444.29
239,239,102,3,173.23
240,240,62,3,365.56
241,241,157,2,176.32
242,242,135,2,87.5
243,243,121,2,512.07
244,244,169,3,264.81
245,245,191,5,539.43
246,246,41,4,194.79
247,247,165,2,368.43
248,248,197,5,152.89
249,249,162,3,388.5
250,250,121,5,520.29
251,251,187,1,61.01
252,252,60,2,285.72
253,253,130,3,170.58
254,254,147,4,304.37
255,255,100,3,238.71
256,256,92,3,306.12
257,257,103,2,179.16
258,258,107,2,43.37
259,259,165,5,365.63
260,260,136,5,88.83
261,261,3,2,349.05
262,262,68,2,422.98
263,263,138,3,156.46
264,264,149,4,129.08
265,265,148,5,163.26
266,266,161,3,445.67
267,267,74,4,128.37
268,268,12,2,369.75
269,269,34,2,270.25
270,270,104,1,42.17
271,271,65,4,409.28
272,272,77,2,200.54
273,273,30,1,157.94
274,274,141,4,34.82
275,275,45,4,196.92
276,276,16,4,61.89
277,277,180,4,48.81
278,278,179,1,161.01
279,279,39,4,64.11
280,280,97,4,72.27
281,281,41,5,180.54
282,282,11,5,277.13
283,283,149,1,139.85
284,284,103,4,192.77
285,285,85,1,296.77
286,286,22,2,62.68
287,287,180,4,54.58
288,288,144,1,27.11
289,289,89,5,243.23
290,290,171,1,312.26
291,291,151,4,113.13
292,292,20,3,185.38
293,293,169,3,253.22
294,294,183,4,192.87
295,295,95,1,225.73
296,296,154,2,47.41
297,297,177,4,216.39
298,298,110,5,117.77
299,299,54,5,387.74
300,300,143,5,109.45
301,301,96,4,5.34
302,302,121,1,446.79
303,303,162,5,458.99
304,304,161,2,512.14
305,305,50,1,296.03
306,306,143,2,123.22
307,307,180,1,45.69
308,308,1,4,420.13
309,309,175,1,474.31
310,310,171,4,348.02
311,311,75,5,390.49
312,312,104,2,37.92
313,313,143,4,107.29
314,314,65,2,469.05
315,315,161,5,511.07
316,316,108,2,351.95
317,317,109,2,450.86
318,318,6,1,403.79
319,319,72,3,75.44
320,320,161,4,455.64
321,321,136,2,80.95
322,322,172,2,163.14
323,323,140,1,256.73
324,324,121,3,430.87
325,325,5,4,237.82
326,326,152,5,506.62
327,327,146,5,495.76
328,328,166,2,434.92
329,329,123,4,110.76
330,330,56,4,137.0
331,331,198,5,19.96
332,332,77,5,182.25
333,333,139,5,281.23
334,334,13,2,53.8
335,335,83,2,441.13
336,336,22,3,56.66
337,337,195,1,258.95
338,338,33,5,18.67
339,339,32,1,88.49
340,340,88,4,73.07
341,341,27,2,16.74
342,342,97,5,72.97
343,343,113,5,265.07
344,344,8,5,121.69
345,345,81,4,335.17
346,346,86,3,429.32
347,347,77,1,200.95
348,348,43,3,328.81
349,349,88,4,70.76
350,350,134,4,12.04
351,351,43,1,323.7
352,352,63,2,404.92
353,353,79,3,222.21
354,354,77,4,191.65
355,355,172,2,152.73
356,356,46,1,215.06
357,357,93,5,207.48
358,358,189,4,360.16
359,359,48,5,303.95
360,360,1,3,403.19
361,361,138,3,162.62
362,362,139,5,290.48
363,363,12,3,430.27
364,364,193,5,66.47
365,365,103,5,203.36
366,366,50,4,311.14
367,367,72,2,77.65
368,368,88,2,69.27
369,369,127,2,128.16
370,370,101,1,48.87
371,371,135,1,90.19
372,372,118,2,523.08
373,373,186,4,51.0
374,374,52,3,467.6
375,375,40,2,271.13
376,376,90,2,516.79
377,377,142,3,87.68
378,378,37,3,384.74
379,379,186,5,50.06
380,380,146,1,424.94
381,381,51,3,237.11
382,382,137,5,376.33
383,383,162,1,453.5
384,384,161,2,459.61
385,385,132,3,67.68
386,386,76,4,81.64
387,387,12,1,407.96
388,388,82,4,371.37
389,389,54,4,384.48
390,390,154,5,51.54
391,391,128,4,272.76
392,392,39,4,66.66
393,393,70,1,176.28
394,394,162,3,430.78
395,395,72,3,72.92
396,396,149,1,131.14
397,397,167,3,373.0
398,398,196,3,82.68
399,399,183,2,192.31
400,400,94,1,194.72
401,401,136,4,89.87
402,402,43,2,342.48
403,403,58,4,267.18
404,404,175,1,506.48
405,405,113,3,272.02
406,406,169,3,265.9
407,407,109,3,473.51
408,408,139,4,284.24
409,409,114,3,371.57
410,410,39,3,57.92
411,411,154,3,44.66
412,412,110,3,134.92
413,413,44,2,133.27
414,414,130,4,158.72
415,415,84,4,149.1
416,416,84,2,129.38
417,417,152,4,499.46
418,418,86,5,380.22
419,419,33,3,18.06
420,420,160,1,128.08
421,421,50,5,322.62
422,422,20,2,165.4
423,423,187,1,64.59
424,424,5,5,204.98
425,425,137,3,399.6
426,426,56,5,160.71
427,427,40,3,298.51
428,428,119,1,180.88
429,429,97,3,63.94
430,430,25,3,54.8
431,431,4,2,459.66
432,432,83,2,463.55
433,433,23,5,153.62
434,434,31,4,123.87
435,435,58,3,265.01
436,436,164,3,229.38
437,437,10,5,501.31
438,438,26,1,36.01
439,439,29,3,262.99
440,440,14,3,81.08
441,441,128,3,261.92
442,442,98,2,8.78
443,443,173,5,379.46
444,444,28,5,336.35
445,445,68,2,369.29
446,446,148,1,151.34
447,447,159,1,72.95
448,448,85,4,258.2
449,449,104,5,41.9
450,450,70,4,169.05
451,451,168,3,471.06
452,452,64,2,140.84
453,453,121,5,437.21
454,454,36,4,382.52
455,455,5,1,235.93
456,456,93,4,173.83
457,457,11,3,279.45
458,458,196,4,90.01
459,459,116,2,182.04
460,460,71,5,274.54
461,461,126,3,315.12
462,462,92,3,348.02
463,463,149,3,137.97
464,464,142,1,75.67
465,465,65,1,420.45
466,466,80,4,313.34
467,467,140,3,264.02
468,468,74,5,130.51
469,469,70,5,152.09
470,470,90,1,480.53
471,471,162,1,450.13
472,472,19,5,384.29
473,473,170,5,292.83
474,474,103,5,184.48
475,475,20,2,192.42
476,476,42,4,372.41
477,477,130,2,168.48
478,478,37,5,395.23
479,479,42,4,413.28
480,480,162,3,429.05
481,481,102,2,149.64
482,482,84,1,144.53
483,483,117,5,342.46
484,484,184,1,136.25
485,485,185,4,459.66
486,486,13,1,62.95
487,487,21,2,54.57
488,488,21,4,51.87
489,489,11,1,279.51
490,490,38,5,196.17
491,491,93,4,182.53
492,492,63,1,402.16
493,493,3,2,368.97
494,494,30,1,177.52
495,495,133,2,331.56
496,496,158,3,359.48
497,497,112,5,420.22
498,498,61,2,285.44
499,499,55,3,84.27
500,500,104,3,42.11
501,501,150,4,66.89
502,502,15,3,530.99
503,503,128,5,232.71
504,504,70,5,162.04
505,505,106,2,492.81
506,506,58,1,277.55
507,507,115,5,429.76
508,508,167,1,366.23
509,509,137,3,339.09
510,510,96,3,5.95
511,511,79,2,226.93
512,512,95,5,212.87
513,513,200,3,36.67
514,514,63,4,427.65
515,515,117,5,302.32
516,516,86,2,393.22
517,517,12,2,400.8
518,518,120,3,294.18
519,519,104,2,37.22
520,520,57,2,251.29
521,521,44,1,126.74
522,522,102,2,167.2
523,523,179,4,162.59
524,524,10,2,454.25
525,525,99,4,529.73
526,526,136,5,95.19
527,527,43,5,316.06
528,528,78,5,201.31
529,529,163,4,104.11
530,530,46,2,198.71
531,531,39,5,55.36
532,532,159,4,85.05
533,533,130,2,165.26
534,534,161,3,467.26
535,535,116,5,199.0
536,536,3,1,375.2
537,537,174,5,228.35
538,538,102,3,147.72
539,539,56,4,163.39
540,540,199,1,233.91
541,541,200,5,38.58
542,542,40,3,298.39
543,543,147,1,279.97
544,544,140,5,229.96
545,545,30,4,173.25
546,546,99,1,512.33
547,547,134,5,11.94
548,548,116,3,200.44
549,549,187,3,65.58
550,550,91,1,83.17
551,551,196,5,97.89
552,552,161,5,497.99
553,553,123,4,108.5
554,554,143,3,113.08
555,555,23,1,165.61
556,556,113,5,274.32
557,557,187,5,62.0
558,558,142,4,84.17
559,559,38,5,169.38
560,560,140,3,266.07
561,561,98,5,8.69
562,562,99,4,452.88
563,563,135,5,78.81
564,564,35,3,336.29
565,565,67,5,83.34
566,566,68,3,368.09
567,567,91,1,85.43
568,568,118,5,517.1
569,569,140,4,244.06
570,570,75,2,363.69
571,571,96,2,5.52
572,572,96,5,5.94
573,573,92,3,360.87
574,574,182,2,51.11
575,575,109,2,514.34
576,576,172,4,157.46
577,577,182,2,51.76
578,578,52,2,454.22
579,579,187,3,59.32
580,580,87,3,57.06
581,581,23,1,145.13
582,582,127,4,139.47
583,583,140,3,249.4
584,584,10,5,469.01
585,585,19,4,385.34
586,586,180,2,50.06
587,587,58,4,257.18
588,588,56,4,146.05
589,589,185,3,520.28
590,590,116,1,180.23
591,591,145,5,28.52
592,592,151,4,118.03
593,593,20,3,169.96
594,594,183,3,213.3
595,595,78,3,210.72
596,596,34,4,295.82
597,597,21,2,59.41
598,598,2,5,64.69
599,599,124,5,247.45
600,600,158,2,353.84
601,601,137,1,380.51
602,602,97,1,63.79
603,603,74,1,129.24
604,604,118,4,478.85
605,605,136,3,83.3
606,606,78,1,184.94
607,607,62,1,336.58
608,608,118,5,508.97
609,609,88,2,72.49
610,610,86,1,411.66
611,611,155,1,172.1
612,612,24,5,243.49
613,613,18,5,239.34
614,614,51,2,264.27
615,615,103,2,184.86
616,616,47,4,221.28
617,617,81,1,328.11
618,618,193,3,69.19
619,619,157,3,178.21
620,620,67,1,83.28
621,621,18,1,220.37
622,622,119,3,215.97
623,623,138,3,186.4
624,624,159,3,74.41
625,625,33,1,19.42
626,626,24,2,268.75
627,627,20,2,180.87
628,628,68,1,378.66
629,629,144,4,25.29
630,630,162,1,460.35
631,631,132,3,57.46
632,632,190,1,419.68
633,633,55,3,92.66
634,634,35,1,381.9
635,635,7,2,76.15
636,636,163,1,115.8
637,637,153,4,413.43
638,638,95,3,235.07
639,639,96,5,4.99
640,640,116,4,195.15
641,641,23,4,170.36
642,642,134,1,11.36
643,643,61,1,269.07
644,644,89,4,213.48
645,645,191,5,541.97
646,646,135,3,83.23
647,647,99,3,484.32
648,648,137,1,357.9
649,649,102,3,146.68
650,650,60,4,287.55
651,651,103,3,200.2
652,652,93,2,191.12
653,653,79,4,237.47
654,654,157,3,194.64
655,655,153,1,445.02
656,656,31,3,119.45
657,657,92,4,344.51
658,658,3,2,310.65
659,659,148,1,171.51
660,660,115,5,372.43
661,661,40,4,274.24
662,662,145,5,28.56
663,663,32,4,97.92
664,664,46,4,231.82
665,665,160,1,109.19
666,666,53,1,200.78
667,667,142,1,81.3
668,668,31,2,127.13
669,669,2,5,60.86
670,670,65,5,402.9
671,671,136,5,82.97
672,672,176,1,74.34
673,673,175,2,471.01
674,674,155,1,186.54
675,675,21,5,51.59
676,676,197,2,127.41
677,677,52,1,521.12
678,678,191,1,494.22
679,679,175,2,503.72
680,680,61,1,292.95
681,681,85,1,254.63
682,682,26,5,40.54
683,683,4,2,435.08
684,684,1,2,403.12
685,685,95,4,209.83
686,686,8,5,131.27
687,687,194,3,94.08
688,688,13,2,62.27
689,689,82,5,372.81
690,690,91,1,77.34
691,691,43,2,355.08
692,692,54,2,370.52
693,693,107,5,44.7
694,694,158,2,398.86
695,695,142,1,76.79
696,696,193,5,64.02
697,697,171,2,300.66
698,698,117,4,293.94
699,699,45,1,177.62
700,700,177,1,245.45
701,701,181,5,120.06
702,702,151,4,119.95
703,703,3,4,355.62
704,704,199,2,233.97
705,705,100,3,242.57
706,706,72,4,68.36
707,707,34,2,304.73
708,708,30,1,172.09
709,709,140,4,256.21
710,710,17,1,117.81
711,711,42,3,395.39
712,712,188,1,70.5
713,713,167,2,325.0
714,714,153,5,475.05
715,715,97,5,68.74
716,716,86,5,395.81
717,717,40,4,316.75
718,718,167,2,336.18
719,719,151,2,106.53
720,720,76,2,78.16
721,721,13,4,59.11
722,722,109,2,498.21
723,723,151,1,105.18
724,724,41,3,169.6
725,725,189,4,327.57
726,726,123,5,118.61
727,727,127,4,129.35
728,728,159,1,86.29
729,729,181,2,103.82
730,730,12,1,395.23
731,731,6,1,375.17
732,732,123,2,116.74
733,733,122,5,300.46
734,734,137,4,345.64
735,735,100,3,228.42
736,736,95,1,209.91
737,737,44,1,116.62
738,738,47,4,230.26
739,739,10,4,534.18
740,740,70,1,164.25
741,741,124,4,232.97
742,742,97,4,65.67
743,743,22,5,61.89
744,744,105,4,217.21
745,745,98,4,10.02
746,746,89,3,252.95
747,747,115,2,380.08
748,748,94,1,208.92
749,749,23,1,152.4
750,750,53,1,222.11
751,751,95,4,213.91
752,752,101,3,46.46
753,753,132,3,63.7
754,754,93,5,204.4
755,755,167,5,385.01
756,756,196,2,83.05
757,757,122,5,295.1
758,758,35,2,360.32
759,759,180,4,47.56
760,760,189,4,360.99
761,761,36,2,358.37
762,762,136,4,89.04
763,763,145,5,30.24
764,764,35,5,382.02
765,765,133,4,366.85
766,766,78,1,224.49
767,767,45,5,172.09
768,768,138,5,167.22
769,769,183,1,199.23
770,770,102,2,146.76
771,771,158,1,381.77
772,772,39,4,66.94
773,773,89,2,224.44
774,774,17,2,118.28
775,775,33,1,17.57
776,776,129,3,252.21
777,777,84,4,147.8
778,778,56,5,135.35
779,779,185,4,472.84
780,780,50,2,334.93
781,781,88,4,62.31
782,782,23,3,163.43
783,783,154,1,51.2
784,784,187,1,63.62
785,785,5,3,223.41
786,786,152,3,470.2
787,787,15,3,502.72
788,788,79,5,232.02
789,789,122,2,312.76
790,790,62,1,378.21
791,791,43,3,353.61
792,792,175,1,473.45
793,793,150,3,69.07
794,794,131,1,32.87
795,795,105,4,228.16
796,796,51,3,238.34
797,797,89,5,240.44
798,798,146,5,479.79
799,799,156,2,344.25
800,800,43,3,320.04
801,801,3,1,352.66
802,802,186,5,55.74
803,803,121,2,501.63
804,804,91,2,80.68
805,805,183,3,201.28
806,806,181,4,106.47
807,807,31,1,116.72
808,808,132,4,62.24
809,809,58,5,303.78
810,810,76,4,78.53
811,811,49,5,80.4
812,812,90,4,509.91
813,813,134,1,10.57
814,814,162,4,390.16
815,815,111,4,301.13
816,816,31,3,130.75
817,817,162,1,392.04
818,818,103,3,179.36
819,819,188,2,69.65
820,820,159,2,79.86
821,821,127,1,136.46
822,822,92,5,357.43
823,823,188,4,67.56
824,824,163,4,111.64
825,825,45,1,181.88
826,826,186,1,46.93
827,827,25,2,56.89
828,828,80,5,301.55
829,829,142,4,84.17
830,830,77,3,190.18
831,831,30,5,180.39
832,832,49,4,73.82
833,833,95,5,201.46
834,834,43,3,315.52
835,835,3,3,323.74
836,836,154,3,52.26
837,837,166,1,428.6
838,838,1,3,405.55
839,839,61,2,281.98
840,840,137,2,383.38
841,841,174,3,214.56
842,842,153,2,463.12
843,843,12,2,369.55
844,844,18,1,204.95
845,845,193,3,66.63
846,846,131,4,32.05
847,847,165,2,336.2
848,848,91,1,86.46
849,849,162,3,395.32
850,850,190,4,462.79
851,851,2,2,61.78
852,852,27,1,17.54
853,853,177,4,256.02
854,854,47,2,233.6
855,855,166,3,429.32
856,856,66,5,119.25
857,857,129,3,278.48
858,858,153,3,431.43
859,859,91,3,91.55
860,860,14,5,90.26
861,861,16,5,60.07
862,862,139,4,255.78
863,863,83,1,506.65
864,864,104,1,36.06
865,865,39,5,56.7
866,866,178,1,264.96
867,867,132,2,61.74
868,868,106,1,444.36
869,869,175,5,485.4
870,870,93,5,190.06
871,871,12,3,372.29
872,872,154,1,48.13
873,873,4,4,493.62
874,874,182,1,54.92
875,875,3,4,321.52
876,876,17,3,117.26
877,877,63,5,476.87
878,878,17,3,112.54
879,879,166,4,449.01
880,880,1,3,369.24
881,881,131,3,32.66
882,882,192,4,435.96
883,883,165,1,336.96
884,884,193,4,68.82
885,885,128,4,273.78
886,886,137,3,343.07
887,887,199,4,263.47
888,888,12,4,367.83
889,889,53,5,211.58
890,890,135,2,81.07
891,891,21,4,62.29
892,892,78,5,224.3
893,893,63,1,475.98
894,894,143,5,124.11
895,895,85,1,248.69
896,896,148,3,161.48
897,897,80,5,290.85
898,898,137,5,386.58
899,899,167,2,330.75
900,900,34,4,285.59
901,901,123,4,101.56
902,902,197,3,150.56
903,903,23,3,159.2
904,904,184,4,126.41
905,905,35,1,329.36
906,906,123,3,121.99
907,907,95,4,201.12
908,908,191,3,490.33
909,909,24,4,284.34
910,910,45,2,171.89
911,911,30,3,168.61
912,912,25,1,54.37
913,913,94,3,204.45
914,914,82,5,393.76
915,915,93,3,193.9
916,916,73,4,543.35
917,917,144,1,26.12
918,918,86,5,357.08
919,919,177,3,219.81
920,920,150,1,59.56
921,921,170,4,320.54
922,922,73,2,482.12
923,923,113,1,249.41
924,924,136,4,90.04
925,925,131,3,30.62
926,926,134,3,11.34
927,927,110,1,128.0
928,928,89,2,243.21
929,929,34,5,313.2
930,930,145,5,26.78
931,931,112,3,452.47
932,932,121,3,455.63
933,933,94,3,184.93
934,934,48,5,271.38
935,935,193,2,59.25
936,936,183,5,192.35
937,937,130,4,155.74
938,938,21,2,52.24
939,939,172,2,149.48
940,940,16,2,60.83
941,941,142,5,84.75
942,942,35,5,378.33
943,943,91,5,87.08
944,944,46,1,208.52
945,945,132,1,57.62
946,946,130,2,171.95
947,947,94,4,195.08
948,948,178,3,250.77
949,949,50,4,335.9
950,950,64,5,135.71
951,951,115,3,367.22
952,952,35,3,320.49
953,953,41,1,167.38
954,954,98,2,9.96
955,955,57,3,250.8
956,956,60,2,299.61
957,957,170,4,309.36
958,958,84,1,126.28
959,959,15,4,508.46
960,960,77,1,179.13
961,961,88,1,70.4
962,962,3,5,348.83
963,963,181,4,102.95
964,964,79,3,209.05
965,965,102,3,165.48
966,966,106,1,486.35
967,967,43,5,317.79
968,968,41,2,166.05
969,969,1,3,370.64
970,970,193,2,70.19
971,971,199,3,274.56
972,972,113,3,253.57
973,973,10,5,523.22
974,974,100,5,228.99
975,975,31,5,109.43
976,976,1,5,430.7
977,977,195,5,236.4
978,978,175,2,515.89
979,979,64,2,145.94
980,980,172,5,134.57
981,981,20,1,190.67
982,982,105,5,238.51
983,983,30,4,164.33
984,984,70,5,154.81
985,985,8,1,121.78
986,986,188,3,76.41
987,987,110,4,120.36
988,988,148,2,161.25
989,989,57,3,250.71
990,990,169,1,256.2
991,991,158,4,386.85
992,992,147,3,281.85
993,993,9,1,362.54
994,994,23,4,147.14
995,995,14,3,86.59
996,996,49,3,77.24
997,997,138,4,161.46
998,998,117,4,307.41
999,999,67,4,81.73
1000,1000,171,1,359.19
1001,822,145,4,30.2
1002,377,139,2,238.55
1003,691,13,4,61.18
1004,406,65,4,435.28
1005,693,9,1,365.46
1006,405,185,4,494.87
1007,105,23,2,145.51
1008,999,85,2,267.02
1009,610,13,4,54.68
1010,859,76,4,78.76
1011,286,167,5,358.51
1012,775,78,4,198.53
1013,683,113,5,284.81
1014,497,67,5,83.31
1015,787,146,4,424.41
1016,257,126,4,321.89
1017,644,156,2,336.19
1018,756,84,1,147.04
1019,511,146,1,503.99
1020,392,139,5,273.78
1021,157,179,3,161.45
1022,99,186,1,53.56
1023,533,60,4,289.31
1024,207,11,3,278.25
1025,503,148,5,156.46
1026,352,154,5,48.21
1027,976,108,1,414.5
1028,902,114,1,366.45
1029,323,199,4,249.06
1030,37,190,1,429.46
1031,676,181,3,120.01
1032,169,99,4,487.29
1033,320,75,4,380.97
1034,113,41,5,183.42
1035,676,158,5,381.2
1036,586,160,4,119.75
1037,875,199,2,252.29
1038,401,83,3,483.71
1039,995,107,4,49.03
1040,362,123,3,107.78
1041,29,191,5,453.23
1042,858,96,3,5.37
1043,760,109,5,436.22
1044,913,185,3,464.91
1045,439,56,3,164.3
1046,422,55,3,80.0
1047,251,105,2,211.02
1048,320,138,5,156.65
1049,705,61,1,295.76
1050,118,62,3,344.92
1051,552,192,3,368.07
1052,674,114,4,380.29
1053,924,104,4,37.05
1054,713,33,4,19.79
1055,325,159,4,80.65
1056,331,120,5,253.29
1057,501,161,1,493.9
1058,211,81,3,319.04
1059,831,4,3,444.95
1060,307,95,3,237.89
1061,207,128,4,265.09
1062,998,54,1,380.79
1063,549,131,2,32.23
1064,49,94,3,221.16
1065,412,65,2,444.12
1066,981,60,1,285.21
1067,593,48,1,284.82
1068,280,20,1,178.1
1069,544,111,4,274.86
1070,356,17,1,118.37
1071,310,37,5,425.13
1072,444,194,5,84.86
1073,425,26,4,36.35
1074,528,114,4,388.05
1075,561,67,2,93.8
1076,643,184,5,143.48
1077,591,182,4,47.27
1078,986,112,4,405.0
1079,654,161,5,505.13
1080,874,128,4,280.54
1081,745,131,1,33.81
1082,374,68,4,378.98
1083,155,73,3,530.44
1084,421,189,3,369.54
1085,934,16,1,58.98
1086,867,81,4,304.37
1087,294,191,2,474.3
1088,616,189,2,338.22
1089,117,192,2,380.61
1090,252,200,3,34.93
1091,574,86,4,389.05
1092,928,53,1,195.15
1093,280,8,2,117.83
1094,809,145,3,28.64
1095,181,85,1,301.51
1096,498,174,1,208.74
1097,919,24,1,253.16
1098,306,126,1,347.87
1099,417,150,3,66.3
1100,907,15,1,473.6
1101,860,174,2,217.02
1102,585,127,5,154.68
1103,535,174,5,249.73
1104,954,27,5,15.38
1105,906,41,1,167.94
1106,126,128,3,249.29
1107,599,14,4,92.68
1108,762,193,2,71.37
1109,224,154,2,44.0
1110,220,110,3,126.1
1111,261,27,5,14.74
1112,547,49,3,77.42
1113,116,17,3,115.94
1114,487,27,2,17.68
1115,901,137,2,357.72
1116,733,157,3,199.34
1117,22,88,5,60.31
1118,758,4,1,494.92
1119,808,47,2,203.81
1120,394,102,3,164.56
1121,718,171,3,359.75
1122,702,137,1,370.37
1123,243,182,4,49.03
1124,932,6,4,445.48
1125,940,121,3,458.44
1126,959,91,2,80.3
1127,881,3,2,370.93
1128,647,26,3,41.15
1129,786,132,4,66.02
1130,281,127,1,151.55
1131,964,130,4,157.61
1132,423,11,3,281.23
1133,898,88,1,70.81
1134,716,62,3,369.78
1135,361,122,4,301.78
1136,833,156,5,388.74
1137,465,59,1,303.61
1138,657,102,2,164.28
1139,811,107,2,43.15
1140,205,40,3,289.3
1141,85,179,1,146.82
1142,529,125,2,229.57
1143,703,84,4,146.0
1144,328,71,4,287.25
1145,753,116,2,186.63
1146,704,166,5,491.16
1147,819,187,3,61.2
1148,425,36,3,353.39
1149,898,185,4,518.66
1150,906,110,5,120.62
1151,971,3,1,371.43
1152,663,182,5,51.42
1153,929,95,1,238.09
1154,204,6,3,426.91
1155,173,58,1,279.36
1156,440,98,5,9.14
1157,92,83,3,452.27
1158,581,194,1,79.58
1159,539,56,4,157.76
1160,951,156,4,395.38
1161,507,3,1,323.58
1162,209,112,2,462.6
1163,833,174,3,219.4
1164,507,167,4,325.89
1165,877,160,2,122.74
1166,844,109,3,503.66
1167,194,149,4,130.37
1168,812,74,2,116.47
1169,1000,184,3,126.7
1170,462,169,2,248.54
1171,701,176,4,75.14
1172,481,20,2,188.82
1173,998,177,4,244.51
1174,731,57,4,282.42
1175,754,107,5,45.57
1176,98,10,5,451.68
1177,341,11,2,267.94
1178,363,199,5,274.09
1179,991,133,5,348.74
1180,830,174,1,206.45
1181,517,84,5,134.65
1182,405,149,3,129.03
1183,914,109,5,437.59
1184,184,80,3,273.72
1185,505,122,3,318.09
1186,136,32,1,93.71
1187,544,19,4,359.56
1188,120,104,3,35.32
1189,131,56,4,160.7
1190,855,173,3,369.3
1191,949,92,4,314.74
1192,898,189,3,352.5
1193,780,200,3,35.3
1194,447,133,2,322.36
1195,504,112,2,429.44
1196,946,125,4,195.49
1197,153,106,1,435.48
1198,37,13,4,56.3
1199,723,86,4,390.19
1200,917,21,4,51.54
1201,366,60,5,272.5
1202,505,152,1,510.28
1203,888,103,2,179.81
1204,96,120,2,295.73
1205,185,113,2,274.35
1206,843,193,3,66.48
1207,680,135,5,81.15
1208,995,157,1,188.27
1209,585,193,2,64.55
1210,79,160,2,126.79
1211,694,15,1,521.03
1212,27,157,3,194.09
1213,697,19,1,379.11
1214,605,27,1,17.27
1215,158,66,1,99.77
1216,851,126,4,319.11
1217,979,63,3,446.28
1218,6,115,3,429.9
1219,672,65,5,472.4
1220,333,141,5,30.04
1221,884,144,1,28.42
1222,290,57,3,287.29
1223,762,15,1,488.13
1224,617,188,4,64.02
1225,262,24,2,249.28
1226,790,11,4,247.37
1227,873,128,2,240.7
1228,799,129,4,258.87
1229,771,181,2,102.98
1230,503,35,4,370.53
1231,944,158,3,397.25
1232,618,65,2,421.1
1233,99,188,3,69.88
1234,502,99,4,532.23
1235,488,174,3,232.01
1236,434,83,1,509.06
1237,831,40,3,307.34
1238,445,45,4,174.34
1239,526,77,3,208.76
1240,693,102,2,164.84
1241,731,172,2,162.25
1242,540,76,5,69.1
1243,480,61,4,252.26
1244,821,44,4,118.18
1245,131,147,3,297.71
1246,536,128,4,247.54
1247,49,81,5,292.21
1248,47,170,5,274.61
1249,436,156,4,340.99
1250,677,179,5,167.47
1251,364,194,3,89.66
1252,788,54,5,322.03
1253,759,7,4,69.15
1254,187,102,4,145.55
1255,427,133,3,322.26
1256,742,134,4,11.85
1257,461,60,5,290.14
1258,350,51,2,230.73
1259,81,133,5,318.6
1260,690,109,1,475.43
1261,19,128,1,252.68
1262,14,168,2,502.59
1263,472,106,4,494.3
1264,989,127,5,148.78
1265,311,62,5,392.44
1266,632,149,3,144.58
1267,987,198,4,23.5
1268,90,57,2,251.33
1269,196,118,1,524.7
1270,713,84,2,147.83
1271,215,122,4,304.53
1272,666,63,2,432.4
1273,642,42,5,382.59
1274,309,161,4,442.26
1275,433,110,1,117.86
1276,925,78,2,214.17
1277,456,111,4,277.34
1278,881,194,4,89.65
1279,207,69,3,272.21
1280,854,138,4,155.49
1281,9,107,1,49.16
1282,731,171,4,364.84
1283,869,27,4,16.95
1284,611,15,5,531.83
1285,38,28,4,333.35
1286,526,130,5,165.65
1287,958,131,4,31.86
1288,63,22,5,56.44
1289,591,8,3,131.47
1290,275,157,4,201.88
1291,120,48,4,286.54
1292,662,190,3,454.38
1293,447,113,1,243.59
1294,744,49,2,73.99
1295,449,100,2,241.83
1296,602,7,3,80.12
1297,874,99,4,457.69
1298,301,20,4,191.92
1299,854,127,3,150.78
1300,819,178,2,276.87
1301,290,103,1,200.95
1302,133,61,2,258.89
1303,621,26,4,35.2
1304,426,111,4,267.98
1305,215,160,5,109.43
1306,19,148,3,176.81
1307,366,127,2,133.09
1308,881,5,5,201.26
1309,66,107,3,47.25
1310,633,51,2,226.3
1311,230,150,4,61.0
1312,349,32,3,102.5
1313,789,154,5,45.54
1314,155,94,5,205.39
1315,107,198,1,24.04
1316,449,103,4,212.44
1317,774,92,1,360.25
1318,801,131,5,34.4
1319,879,145,1,29.56
1320,43,196,5,83.39
1321,646,90,1,534.8
1322,933,58,3,265.45
1323,300,156,4,390.53
1324,511,26,1,35.61
1325,373,8,3,138.38
1326,126,73,2,490.24
1327,426,56,1,141.96
1328,829,186,4,50.24
1329,518,14,2,80.09
1330,382,111,4,271.16
1331,681,58,2,265.14
1332,772,187,5,64.1
1333,234,34,2,316.13
1334,424,138,4,184.43
1335,975,165,5,378.32
1336,371,31,1,118.39
1337,789,160,1,125.57
1338,530,76,1,69.11
1339,323,108,4,413.84
1340,169,53,4,189.32
1341,778,141,1,33.48
1342,657,126,2,348.0
1343,60,2,5,67.17
1344,430,31,4,129.01
1345,718,176,5,88.05
1346,739,110,3,138.1
1347,9,112,3,458.7
1348,626,31,2,124.57
1349,457,3,2,369.0
1350,640,89,5,238.0
1351,715,39,3,66.17
1352,801,95,4,229.45
1353,903,97,3,64.81
1354,551,173,3,344.12
1355,737,124,2,256.82
1356,554,185,3,449.02
1357,524,18,5,217.19
1358,349,167,2,318.38
1359,912,101,5,50.13
1360,248,52,3,503.94
1361,518,97,1,73.97
1362,862,128,3,245.7
1363,520,147,3,257.7
1364,775,103,1,192.46
1365,587,101,1,48.76
1366,242,65,5,439.0
1367,916,152,5,510.15
1368,240,110,3,122.52
1369,683,125,5,222.07
1370,732,100,4,242.41
1371,254,65,1,418.4
1372,597,167,2,374.64
1373,370,121,4,439.06
1374,729,14,4,93.08
1375,84,139,1,241.17
1376,910,158,2,365.82
1377,457,64,1,131.56
1378,539,133,4,340.62
1379,532,142,4,89.04
1380,599,124,4,262.75
1381,451,191,4,521.7
1382,427,118,2,458.41
1383,131,39,4,64.0
1384,133,149,5,149.39
1385,121,17,2,113.87
1386,34,195,2,272.83
1387,379,94,1,205.28
1388,419,156,1,342.95
1389,586,51,3,222.36
1390,157,104,1,37.86
1391,384,115,3,376.79
1392,29,174,2,212.72
1393,604,142,4,75.39
1394,916,179,3,169.87
1395,221,159,2,84.61
1396,501,179,1,145.71
1397,358,48,1,300.4
1398,428,176,4,83.13
1399,580,128,4,278.76
1400,801,179,4,156.83
1401,738,149,5,129.04
1402,142,2,5,63.04
1403,780,51,4,253.07
1404,153,25,3,48.94
1405,640,71,5,283.29
1406,239,60,4,264.51
1407,47,13,4,61.93
1408,662,192,1,435.29
1409,725,149,1,141.28
1410,816,38,3,188.34
1411,127,100,5,221.43
1412,979,46,5,213.8
1413,776,111,1,304.44
1414,535,119,2,206.33
1415,515,39,1,56.75
1416,959,189,5,322.63
1417,20,166,3,487.47
1418,252,156,5,366.95
1419,827,30,5,172.45
1420,412,2,5,55.79
1421,883,192,1,392.62
1422,185,67,4,78.86
1423,541,86,3,385.88
1424,94,100,1,264.63
1425,555,140,2,239.83
1426,188,176,3,86.33
1427,158,41,3,193.25
1428,695,198,2,20.2
1429,985,115,3,367.94
1430,731,193,1,63.0
1431,102,11,3,250.24
1432,915,165,3,339.97
1433,965,143,1,107.48
1434,246,55,5,89.3
1435,505,56,5,157.13
1436,395,64,1,128.86
1437,326,5,4,224.4
1438,68,136,4,79.39
1439,649,33,2,21.06
1440,20,1,3,413.59
1441,601,67,1,82.74
1442,569,129,2,259.94
1443,417,124,4,234.49
1444,652,82,5,375.2
1445,992,183,2,196.04
1446,173,88,2,67.0
1447,434,149,5,137.93
1448,2,49,4,81.32
1449,636,8,3,134.06
1450,172,200,1,32.09
1451,944,92,4,314.1
1452,257,169,4,280.67
1453,863,42,2,414.75
1454,523,43,3,306.99
1455,757,4,5,482.75
1456,308,83,1,474.08
1457,126,17,2,120.06
1458,287,150,4,60.39
1459,517,160,3,129.57
1460,969,51,3,251.5
1461,771,142,4,79.11
1462,679,137,3,356.15
1463,471,4,5,460.38
1464,936,47,2,220.68
1465,3,147,5,277.36
1466,924,86,1,408.86
1467,424,116,5,211.51
1468,721,28,4,358.04
1469,552,56,1,158.18
1470,665,156,1,373.96
1471,914,17,4,118.85
1472,362,179,4,167.93
1473,367,3,4,320.34
1474,787,19,1,358.24
1475,380,158,2,363.5
1476,227,135,1,90.55
1477,697,30,3,158.42
1478,836,80,5,300.41
1479,828,193,2,62.16
1480,506,113,3,237.08
1481,505,16,5,54.1
1482,201,49,4,68.66
1483,285,160,5,120.34
1484,175,61,5,258.57
1485,757,55,5,90.81
1486,618,154,5,44.66
1487,603,136,2,91.96
1488,131,159,3,86.43
1489,877,181,2,119.93
1490,747,134,3,10.58
1491,695,45,1,208.46
1492,710,31,5,122.51
1493,698,11,5,290.16
1494,3,165,4,367.34
1495,966,40,1,321.77
1496,331,141,4,34.67
1497,417,96,3,5.12
1498,531,33,4,19.43
1499,530,19,1,417.04
1500,230,109,1,460.41
1501,431,127,5,140.89
1502,6,119,4,184.48
1503,84,63,5,464.98
1504,756,70,2,181.01
1505,434,46,1,229.71
1506,202,34,2,287.96
1507,65,30,1,152.9
1508,443,99,1,503.28
1509,642,72,3,77.03
1510,254,181,1,110.85
1511,982,112,3,452.95
1512,842,158,3,369.02
1513,243,109,1,508.38
1514,635,74,4,135.38
1515,641,129,4,274.78
1516,88,41,1,191.99
1517,387,198,3,23.88
1518,711,163,1,112.59
1519,64,85,4,251.35
1520,626,111,4,254.71
1521,694,156,1,375.49
1522,302,191,4,488.79
1523,633,169,4,241.57
1524,614,137,5,331.8
1525,394,42,4,431.87
1526,902,187,5,66.67
1527,348,56,1,148.21
1528,337,101,5,46.19
1529,106,52,1,491.28
1530,70,8,5,137.61
1531,199,64,5,124.98
1532,522,147,3,270.61
1533,493,98,5,9.49
1534,249,168,2,516.35
1535,62,77,2,183.53
1536,447,169,5,278.65
1537,773,19,3,372.68
1538,907,26,5,40.36
1539,151,40,4,289.0
1540,352,137,3,358.15
1541,9,142,5,84.3
1542,695,22,2,56.92
1543,520,187,5,69.79
1544,433,88,3,62.45
1545,206,133,2,353.81
1546,350,67,2,90.09
1547,712,51,4,249.77
1548,340,193,5,66.52
1549,344,199,5,241.85
1550,337,54,2,328.34
1551,898,2,1,61.32
1552,943,46,1,217.91
1553,710,112,2,421.87
1554,219,89,2,230.09
1555,787,14,3,92.71
1556,385,127,2,139.51
1557,846,176,1,79.68
1558,76,7,3,66.94
1559,118,163,2,102.11
1560,200,16,5,62.18
1561,369,121,1,522.84
1562,204,72,2,69.01
1563,225,94,3,210.0
1564,348,124,5,242.78
1565,201,61,1,257.6
1566,269,150,1,57.96
1567,694,143,2,115.2
1568,807,44,1,119.11
1569,216,173,3,348.78
1570,379,9,3,408.32
1571,964,83,5,530.42
1572,639,46,4,228.08
1573,67,45,1,176.29
1574,947,29,2,275.78
1575,197,197,5,137.68
1576,384,156,3,378.48
1577,652,68,2,442.03
1578,782,156,5,377.57
1579,875,186,5,49.75
1580,153,113,3,248.08
1581,645,162,3,456.97
1582,872,172,5,163.37
1583,908,44,4,115.93
1584,84,2,4,64.94
1585,630,138,1,159.47
1586,398,89,5,225.17
1587,532,66,4,101.9
1588,730,135,3,86.54
1589,495,96,4,5.51
1590,596,63,4,450.13
1591,810,49,5,76.68
1592,213,14,2,94.24
1593,463,95,2,212.94
1594,314,195,4,270.06
1595,586,155,2,203.96
1596,384,143,3,119.25
1597,138,104,1,37.27
1598,532,174,3,216.76
1599,43,27,4,16.22
1600,345,88,4,65.85
1601,443,161,4,463.13
1602,510,70,3,157.71
1603,26,54,2,352.36
1604,272,62,1,358.9
1605,85,87,3,58.01
1606,526,87,5,55.85
1607,805,196,3,98.26
1608,101,41,1,162.03
1609,40,70,5,155.31
1610,202,61,3,261.67
1611,764,194,3,82.7
1612,619,168,2,535.98
1613,771,116,5,212.18
1614,9,159,3,76.06
1615,355,39,4,66.89
1616,842,176,5,86.15
1617,13,163,4,109.85
1618,780,147,2,299.04
1619,234,99,2,516.21
1620,215,94,4,190.48
1621,602,40,5,315.98
1622,740,41,4,171.57
1623,88,124,3,273.46
1624,440,88,4,62.64
1625,461,108,5,341.99
1626,143,163,5,114.54
1627,313,74,1,128.58
1628,675,99,3,478.31
1629,430,75,4,396.12
1630,414,165,5,342.95
1631,602,142,1,83.99
1632,33,39,2,57.16
1633,976,102,3,162.29
1634,819,75,5,413.53
1635,588,59,4,316.19
1636,210,155,4,171.25
1637,396,102,2,159.3
1638,337,19,5,423.09
1639,655,158,3,337.67
1640,107,40,5,281.13
1641,847,27,5,16.14
1642,192,190,2,419.6
1643,987,6,4,392.65
1644,239,30,3,174.23
1645,72,20,4,160.2
1646,531,89,1,215.82
1647,881,164,4,243.14
1648,114,163,2,107.35
1649,490,146,1,450.29
1650,926,126,2,298.23
1651,211,194,3,86.95
1652,727,143,4,110.0
1653,589,195,3,254.96
1654,515,90,4,475.51
1655,8,169,2,252.42
1656,845,94,4,205.41
1657,253,106,5,444.6
1658,583,199,4,249.94
1659,590,24,1,275.43
1660,295,173,4,341.08
1661,863,150,3,62.7
1662,844,72,2,70.89
1663,184,154,5,49.99
1664,469,128,4,279.31
1665,188,156,5,341.07
1666,716,176,1,77.66
1667,892,176,2,78.22
1668,644,13,5,56.68
1669,939,123,1,116.22
1670,740,90,2,538.57
1671,422,60,5,252.61
1672,378,176,1,86.11
1673,517,156,3,364.42
1674,169,15,3,455.27
1675,46,129,4,244.9
1676,655,73,4,484.48
1677,764,47,4,229.66
1678,407,2,1,55.36
1679,118,65,2,418.34
1680,767,160,4,119.96
1681,70,5,1,224.19
1682,249,25,4,49.48
1683,841,171,3,355.65
1684,175,41,1,181.01
1685,182,197,3,130.51
1686,760,153,4,404.93
1687,688,149,1,144.21
1688,158,52,4,468.42
1689,222,48,1,301.65
1690,546,53,2,205.12
1691,49,17,5,118.13
1692,734,20,1,171.92
1693,316,141,4,29.54
1694,5,101,1,51.9
1695,786,36,2,409.77
1696,384,6,2,385.77
1697,17,79,4,208.35
1698,15,45,3,201.96
1699,697,80,1,276.69
1700,904,38,1,197.12
1701,851,104,2,40.6
1702,46,20,4,176.2
1703,836,26,3,36.89
1704,642,161,2,487.6
1705,957,175,5,462.15
1706,439,164,1,235.25
1707,109,173,3,339.43
1708,16,7,4,76.17
1709,13,82,4,375.95
1710,226,101,1,50.77
1711,286,116,5,190.87
1712,69,84,2,135.48
1713,786,64,5,135.08
1714,105,95,5,230.14
1715,945,88,5,62.13
1716,983,147,1,284.24
1717,647,189,4,356.97
1718,996,71,2,278.81
1719,651,152,3,522.9
1720,683,146,4,420.68
1721,19,165,5,386.72
1722,460,77,4,191.13
1723,760,93,2,189.19
1724,722,194,1,83.44
1725,632,125,1,206.46
1726,756,162,4,447.14
1727,635,176,1,74.72
1728,384,86,4,379.13
1729,156,197,4,132.78
1730,39,152,2,517.69
1731,613,108,4,395.52
1732,337,7,2,70.61
1733,660,186,1,52.11
1734,425,69,3,281.93
1735,235,111,3,270.16
1736,211,178,5,246.18
1737,940,167,2,373.14
1738,713,156,2,379.11
1739,391,114,5,361.8
1740,453,13,1,53.99
1741,504,42,1,444.8
1742,54,24,2,286.0
1743,129,183,1,188.01
1744,563,43,2,319.88
1745,81,113,4,273.05
1746,319,49,2,77.75
1747,251,152,4,446.38
1748,255,55,3,84.02
1749,460,81,2,304.68
1750,801,161,4,435.78
1751,996,42,3,399.5
1752,172,63,4,432.89
1753,518,200,5,36.83
1754,779,56,2,159.14
1755,813,118,4,446.11
1756,391,3,4,366.7
1757,778,114,3,382.32
1758,157,62,5,386.05
1759,264,142,4,82.27
1760,465,139,3,257.71
1761,621,108,4,345.14
1762,140,11,4,253.11
1763,939,188,2,62.79
1764,883,20,5,183.86
1765,384,192,4,397.86
1766,426,46,4,231.98
1767,383,164,4,248.03
1768,657,40,5,274.73
1769,907,7,1,81.17
1770,128,104,4,42.22
1771,167,88,2,70.0
1772,981,45,3,200.09
1773,770,112,3,425.53
1774,501,122,3,307.36
1775,667,105,4,241.86
1776,754,131,2,31.93
1777,36,52,3,494.73
1778,693,71,1,299.89
1779,661,32,2,92.62
1780,467,101,2,46.8
1781,617,51,5,267.01
1782,862,81,2,288.11
1783,790,99,1,508.41
1784,939,45,4,185.91
1785,601,103,1,195.17
1786,194,187,4,60.77
1787,438,112,3,441.01
1788,513,59,5,297.63
1789,392,149,5,133.92
1790,422,116,1,180.69
1791,587,91,3,88.95
1792,276,114,2,407.45
1793,408,157,3,168.81
1794,173,65,4,390.12
1795,72,159,4,79.93
1796,671,137,3,384.94
1797,175,89,2,225.19
1798,721,97,2,66.42
1799,187,90,5,542.53
1800,462,122,5,314.33
1801,191,76,2,68.72
1802,188,167,2,334.98
1803,924,149,4,137.62
1804,935,7,5,68.11
1805,652,136,2,80.28
1806,88,154,4,44.17
1807,66,58,3,258.19
1808,241,87,4,54.13
1809,779,67,1,78.61
1810,273,149,1,143.87
1811,809,10,1,455.46
1812,535,38,1,181.44
1813,533,140,3,272.25
1814,485,9,3,403.85
1815,345,147,3,288.81
1816,352,32,3,103.42
1817,964,132,3,64.47
1818,388,138,5,155.7
1819,365,63,3,464.86
1820,4,33,4,20.89
1821,412,1,2,370.35
1822,126,30,5,161.39
1823,717,76,2,73.39
1824,634,176,4,82.17
1825,677,146,2,414.75
1826,654,35,3,319.63
1827,369,39,1,67.18
1828,754,15,3,500.78
1829,240,27,5,16.13
1830,757,3,5,362.58
1831,357,53,4,225.74
1832,965,3,4,375.8
1833,878,69,1,281.06
1834,301,41,5,166.41
1835,147,134,5,12.12
1836,804,197,5,127.9
1837,510,188,1,66.93
1838,690,39,5,67.39
1839,479,22,2,67.4
1840,978,12,1,395.0
1841,554,190,2,435.56
1842,175,88,1,61.25
1843,733,169,1,237.85
1844,952,20,3,189.91
1845,785,180,3,46.98
1846,264,194,4,96.11
1847,687,91,1,86.46
1848,945,48,5,287.15
1849,504,18,1,239.0
1850,341,63,2,475.86
1851,785,30,5,154.14
1852,352,6,4,444.06
1853,761,52,4,496.94
1854,804,35,5,386.84
1855,448,73,2,468.84
1856,119,101,3,45.16
1857,92,43,3,353.94
1858,960,57,2,284.38
1859,119,129,5,263.35
1860,874,42,3,444.83
1861,591,155,1,180.52
1862,605,140,5,235.05
1863,398,189,4,332.28
1864,374,48,2,280.78
1865,617,175,5,445.83
1866,405,78,1,205.98
1867,472,139,3,245.53
1868,966,53,3,221.52
1869,512,50,4,289.64
1870,291,13,2,62.06
1871,870,84,1,140.66
1872,317,103,5,213.52
1873,127,15,3,531.62
1874,724,108,5,375.82
1875,849,86,2,394.82
1876,722,144,4,24.44
1877,830,63,3,407.6
1878,734,92,2,351.92
1879,957,73,2,516.17
1880,54,171,2,356.67
1881,745,189,4,330.86
1882,835,24,2,288.78
1883,562,194,4,85.28
1884,695,95,4,238.8
1885,776,35,4,346.13
1886,541,109,3,460.84
1887,946,25,2,55.46
1888,562,72,4,66.31
1889,332,55,5,94.21
1890,56,191,3,494.36
1891,168,153,5,402.25
1892,713,6,4,393.24
1893,149,143,2,111.4
1894,767,6,2,429.7
1895,10,112,3,443.9
1896,590,174,1,237.29
1897,880,21,2,55.35
1898,438,164,2,269.73
1899,99,108,3,413.26
1900,184,122,1,273.11
1901,528,140,3,255.27
1902,994,75,2,391.63
1903,414,7,2,67.0
1904,247,64,4,134.78
1905,705,151,5,125.98
1906,669,104,4,41.0
1907,815,68,1,430.35
1908,886,63,4,418.34
1909,669,65,4,421.82
1910,123,90,1,456.31
1911,501,171,5,314.6
1912,601,107,5,52.58
1913,492,151,3,119.95
1914,97,65,5,405.68
1915,496,47,4,205.75
1916,129,193,1,63.36
1917,731,199,5,236.07
1918,833,100,1,236.33
1919,838,12,5,418.88
1920,543,44,4,112.35
1921,858,41,5,178.6
1922,839,180,1,52.28
1923,213,182,1,46.95
1924,614,52,2,434.4
1925,458,74,3,118.9
1926,132,55,5,82.63
1927,166,18,1,228.48
1928,872,131,1,30.86
1929,128,10,5,475.44
1930,990,166,5,430.75
1931,968,98,1,9.12
1932,48,43,5,365.02
1933,301,11,5,266.54
1934,591,53,4,215.62
1935,536,28,3,347.4
1936,523,197,2,146.42
1937,679,37,1,379.68
1938,193,121,2,458.32
1939,853,176,2,89.43
1940,617,152,5,450.16
1941,368,176,3,75.84
1942,638,24,4,240.57
1943,262,21,3,55.41
1944,926,164,2,243.58
1945,86,165,3,369.88
1946,963,101,2,49.57
1947,73,52,3,529.86
1948,714,34,2,310.93
1949,578,70,5,168.68
1950,430,177,2,227.04
1951,807,57,4,264.56
1952,988,36,5,358.34
1953,277,48,1,281.44
1954,701,51,5,240.31
1955,338,30,1,164.21
1956,342,179,3,146.46
1957,818,7,2,70.54
1958,101,88,4,72.88
1959,228,164,4,271.01
1960,802,40,1,281.01
1961,746,85,3,280.82
1962,827,81,4,293.43
1963,358,118,5,529.58
1964,565,129,3,276.32
1965,919,13,1,55.25
1966,970,111,4,261.12
1967,826,54,5,360.2
1968,904,5,4,221.01
1969,131,158,3,331.51
1970,526,111,2,287.72
1971,147,12,4,401.77
1972,274,48,1,303.09
1973,655,164,3,258.86
1974,256,187,5,64.06
1975,469,98,2,9.48
1976,363,132,4,62.44
1977,283,79,4,231.02
1978,736,67,2,83.76
1979,879,109,1,524.93
1980,417,31,3,128.04
1981,650,167,1,322.13
1982,246,186,1,48.41
1983,59,24,1,275.75
1984,568,184,4,142.03
1985,11,179,4,163.19
1986,955,40,2,299.28
1987,528,101,5,51.17
1988,416,76,1,77.12
1989,933,54,1,371.79
1990,720,198,5,23.26
1991,251,62,5,382.91
1992,44,85,5,273.09
1993,173,149,5,150.52
1994,180,8,1,126.62
1995,137,29,5,252.78
1996,53,128,4,257.87
1997,175,171,3,364.19
1998,347,66,2,116.11
1999,872,90,1,476.97
2000,495,147,3,265.56
