order_id,customer_id,order_date,total_amount,payment_method
1,362,2025-05-08,787.64,PayPal
2,307,2024-08-15,371.48,PayPal
3,116,2025-05-07,2950.56,Google Pay
4,213,2023-06-23,521.88,Google Pay
5,470,2025-06-16,902.78,Credit Card
6,198,2025-04-01,4308.87,Bank Transfer
7,431,2025-04-09,1694.45,Google Pay
8,276,2025-07-18,1091.67,Bank Transfer
9,131,2025-11-07,2509.89,Bank Transfer
10,113,2023-04-18,2723.42,Bank Transfer
11,460,2022-01-04,730.37,Credit Card
12,177,2025-03-03,147.48,Google Pay
13,403,2022-10-27,2413.6,Credit Card
14,431,2024-02-27,1065.87,Credit Card
15,60,2024-04-28,1067.48,Google Pay
16,381,2025-02-08,408.37,Google Pay
17,71,2022-04-22,2242.55,PayPal
18,201,2024-09-13,456.64,PayPal
19,102,2025-08-03,2728.27,PayPal
20,67,2022-06-30,2858.69,Google Pay
21,320,2022-03-19,891.22,PayPal
22,464,2024-03-25,463.63,Apple Pay
23,498,2024-05-17,1459.98,PayPal
24,45,2024-02-24,779.48,PayPal
25,379,2024-06-10,221.68,Bank Transfer
26,113,2024-06-07,1175.57,Credit Card
27,39,2025-05-20,1460.85,Google Pay
28,140,2024-02-29,1458.68,PayPal
29,192,2024-11-05,4546.99,PayPal
30,195,2025-04-27,1264.68,Google Pay
31,90,2024-01-20,312.16,PayPal
32,90,2025-01-26,556.86,Credit Card
33,95,2023-09-08,681.64,Credit Card
34,326,2024-02-06,556.25,Google Pay
35,480,2024-12-03,409.42,Credit Card
36,408,2025-03-13,2443.15,Apple Pay
37,102,2024-09-01,2068.02,Bank Transfer
38,337,2025-09-12,2222.42,PayPal
39,481,2025-10-24,1118.8,PayPal
40,94,2024-09-11,2137.8,PayPal
41,27,2023-11-28,780.93,Credit Card
42,117,2023-11-10,1330.86,PayPal
43,209,2024-04-16,596.15,PayPal
44,125,2022-03-09,1557.35,Google Pay
45,210,2024-08-01,339.2,Credit Card
46,88,2025-02-10,2556.89,Apple Pay
47,71,2024-04-15,1779.08,Credit Card
48,495,2022-11-21,1967.54,Bank Transfer
49,94,2024-08-24,3119.12,PayPal
50,12,2022-12-16,1444.05,Apple Pay
51,68,2025-06-10,1566.72,Apple Pay
52,99,2025-06-06,515.02,Bank Transfer
53,162,2025-01-19,1137.32,Google Pay
54,174,2025-06-08,1524.54,Google Pay
55,113,2025-07-12,1322.4,Bank Transfer
56,156,2024-06-26,1709.75,Google Pay
57,364,2023-10-26,387.12,Apple Pay
58,234,2024-04-01,109.23,Bank Transfer
59,71,2021-09-18,340.61,PayPal
60,462,2025-04-23,2968.85,Credit Card
61,451,2025-10-28,1302.48,Apple Pay
62,302,2025-10-09,1416.14,Google Pay
63,320,2022-01-30,372.85,PayPal
64,222,2024-05-18,2163.04,Bank Transfer
65,120,2024-03-23,669.2,Google Pay
66,151,2021-11-18,1490.84,Apple Pay
67,228,2024-01-01,1086.29,Bank Transfer
68,471,2025-08-29,1566.56,Credit Card
69,400,2022-08-20,652.38,Bank Transfer
70,30,2024-12-30,2470.29,PayPal
71,99,2025-05-10,570.75,Credit Card
72,162,2025-10-19,2428.47,Bank Transfer
73,429,2025-04-21,1857.28,Credit Card
74,3,2024-04-26,656.9,PayPal
75,184,2025-02-14,368.58,Credit Card
76,389,2024-08-26,1829.87,Bank Transfer
77,176,2023-02-09,304.42,Credit Card
78,229,2023-12-25,2407.85,Apple Pay
79,82,2025-04-19,385.72,Apple Pay
80,331,2023-09-07,1395.05,Apple Pay
81,245,2024-08-31,4559.8,Apple Pay
82,96,2025-02-25,82.05,Google Pay
83,35,2024-02-27,1302.55,Credit Card
84,45,2024-12-30,3050.49,Google Pay
85,35,2024-12-05,545.45,PayPal
86,290,2023-11-17,1254.22,Apple Pay
87,195,2022-12-21,65.25,Credit Card
88,406,2022-08-27,1430.67,Credit Card
89,131,2025-05-03,246.4,Bank Transfer
90,49,2021-08-25,835.16,Credit Card
91,135,2022-12-02,506.24,PayPal
92,472,2024-08-31,2773.6,PayPal
93,454,2025-11-13,323.16,Credit Card
94,68,2024-01-26,454.91,Credit Card
95,52,2024-02-27,660.68,Google Pay
96,147,2025-03-14,1690.06,Apple Pay
97,243,2025-09-21,2920.7,Credit Card
98,1,2023-09-02,2321.13,PayPal
99,254,2025-01-22,1746.94,Apple Pay
100,64,2021-11-18,404.24,Credit Card
101,308,2024-01-03,772.35,Bank Transfer
102,350,2024-03-02,959.16,PayPal
103,388,2023-12-18,375.32,Google Pay
104,22,2025-03-02,188.69,Bank Transfer
105,355,2025-09-17,1539.61,Bank Transfer
106,228,2024-06-09,571.69,PayPal
107,375,2023-09-15,1615.71,Credit Card
108,358,2025-02-01,901.1,Google Pay
109,457,2024-08-16,1119.23,Apple Pay
110,217,2024-01-17,117.16,Credit Card
111,388,2023-09-09,965.92,Credit Card
112,369,2024-01-06,522.24,Credit Card
113,487,2022-09-13,1601.65,Google Pay
114,84,2024-10-17,251.75,PayPal
115,44,2021-12-10,2397.45,Credit Card
116,447,2022-03-19,1959.82,PayPal
117,158,2024-12-24,925.94,Bank Transfer
118,333,2023-04-04,3083.96,Apple Pay
119,225,2025-09-25,2728.68,Credit Card
120,102,2025-02-05,2434.0,Apple Pay
121,293,2025-03-28,1742.24,Apple Pay
122,94,2025-08-05,618.76,Bank Transfer
123,416,2024-01-26,1131.55,Google Pay
124,346,2024-12-27,171.0,PayPal
125,295,2025-04-16,228.64,Apple Pay
126,226,2024-08-01,2816.34,PayPal
127,463,2024-10-28,3116.07,Credit Card
128,277,2024-05-31,3153.23,Apple Pay
129,249,2024-08-24,1201.97,Bank Transfer
130,158,2022-09-02,1100.67,Bank Transfer
131,266,2024-03-01,3430.71,Credit Card
132,123,2024-01-26,2199.83,Credit Card
133,334,2024-08-01,1503.21,Bank Transfer
134,82,2025-02-28,1831.8,Google Pay
135,31,2024-05-02,876.44,Google Pay
136,454,2024-12-05,899.45,Apple Pay
137,217,2025-01-29,1895.14,Apple Pay
138,199,2025-11-06,206.59,Google Pay
139,58,2025-08-05,906.93,Google Pay
140,142,2022-04-28,1551.29,Apple Pay
141,297,2024-12-30,866.1,Credit Card
142,206,2025-04-18,719.67,Credit Card
143,308,2025-02-17,976.18,Google Pay
144,339,2024-02-26,389.13,Google Pay
145,321,2024-11-17,488.64,Credit Card
146,8,2025-07-10,228.33,PayPal
147,10,2024-03-05,1999.92,PayPal
148,16,2023-04-30,392.82,PayPal
149,216,2024-11-07,499.61,Apple Pay
150,13,2023-08-20,230.42,Apple Pay
151,227,2023-12-15,1596.85,PayPal
152,500,2025-06-11,11.48,Bank Transfer
153,381,2025-01-19,2639.01,Credit Card
154,281,2021-06-28,1360.35,Apple Pay
155,127,2024-02-20,2931.1,Apple Pay
156,337,2025-07-11,1125.69,Bank Transfer
157,185,2025-04-11,3975.82,Google Pay
158,41,2025-06-26,2832.88,Credit Card
159,334,2025-10-23,1045.06,Apple Pay
160,294,2023-11-29,2502.75,Apple Pay
161,54,2021-12-25,1005.24,PayPal
162,93,2024-09-17,521.75,Google Pay
163,20,2023-06-02,316.3,Credit Card
164,252,2024-02-27,187.44,Credit Card
165,429,2025-10-12,687.38,Bank Transfer
166,488,2025-11-12,1079.56,Google Pay
167,354,2024-08-20,564.75,Apple Pay
168,306,2023-12-18,2461.07,Apple Pay
169,186,2025-05-16,4160.3,Apple Pay
170,373,2024-03-17,638.7,Google Pay
171,32,2025-07-21,195.53,Credit Card
172,165,2024-11-12,2201.14,Bank Transfer
173,70,2025-04-30,2945.23,PayPal
174,211,2024-06-20,47.35,Google Pay
175,104,2025-09-26,3134.46,Apple Pay
176,179,2021-03-21,1106.2,Apple Pay
177,428,2022-11-10,289.36,PayPal
178,427,2023-12-19,1855.95,Apple Pay
179,152,2024-08-09,484.55,Bank Transfer
180,218,2021-02-11,2311.57,Bank Transfer
181,126,2025-09-17,568.12,Bank Transfer
182,246,2024-07-22,811.69,Bank Transfer
183,308,2025-02-06,294.2,Credit Card
184,57,2022-06-21,1622.66,PayPal
185,102,2025-02-01,1491.32,Apple Pay
186,23,2025-04-10,332.79,Bank Transfer
187,438,2025-04-28,3796.83,Apple Pay
188,355,2025-07-22,2962.2,Credit Card
189,229,2024-05-16,1573.8,Apple Pay
190,249,2023-12-08,1371.84,Apple Pay
191,469,2025-03-30,916.96,Apple Pay
192,350,2025-09-20,1208.56,Google Pay
193,301,2024-12-12,1465.52,Credit Card
194,337,2025-06-03,810.46,PayPal
195,71,2021-05-15,168.11,Bank Transfer
196,319,2024-12-24,2141.8,Google Pay
197,322,2023-04-07,1008.14,PayPal
198,239,2025-03-29,306.81,Google Pay
199,81,2023-10-21,1010.5,PayPal
200,260,2022-09-13,655.26,PayPal
201,6,2021-07-12,776.98,PayPal
202,251,2023-06-30,1756.63,Apple Pay
203,31,2023-11-03,883.1,Bank Transfer
204,19,2023-07-08,1526.57,Bank Transfer
205,60,2023-09-29,1077.01,Apple Pay
206,241,2025-02-04,986.47,Apple Pay
207,483,2024-09-03,3116.76,Credit Card
208,435,2023-10-25,104.14,Bank Transfer
209,16,2024-12-27,2461.9,Google Pay
210,487,2023-07-20,1570.24,PayPal
211,63,2025-05-25,2752.92,Google Pay
212,272,2025-02-27,104.28,Bank Transfer
213,237,2022-12-07,1482.02,PayPal
214,196,2022-10-11,457.46,Credit Card
215,304,2022-12-07,2857.07,Credit Card
216,467,2023-03-03,2418.46,Credit Card
217,497,2022-10-15,427.54,Google Pay
218,357,2025-02-16,215.32,PayPal
219,183,2023-11-23,1383.23,PayPal
220,463,2024-04-30,477.84,Apple Pay
221,433,2024-01-13,214.86,Credit Card
222,363,2024-12-09,644.36,Apple Pay
223,151,2022-01-14,300.05,PayPal
224,244,2025-05-16,1952.56,Credit Card
225,137,2024-12-24,1128.68,Bank Transfer
226,274,2025-05-23,718.24,Bank Transfer
227,360,2024-12-30,746.92,Bank Transfer
228,151,2023-09-03,2682.59,Apple Pay
229,128,2023-07-10,408.89,Apple Pay
230,3,2024-03-30,1047.37,PayPal
231,290,2024-09-23,154.99,Bank Transfer
232,107,2025-03-21,1123.95,Google Pay
233,82,2023-06-01,212.58,Credit Card
234,211,2023-11-14,1734.88,Bank Transfer
235,162,2025-08-05,2286.84,Google Pay
236,184,2025-08-17,317.75,Bank Transfer
237,211,2022-09-04,385.54,Credit Card
238,18,2024-03-08,2221.45,Credit Card
239,158,2023-04-15,2100.42,Bank Transfer
240,435,2024-04-12,1544.89,Bank Transfer
241,119,2024-11-17,569.16,Bank Transfer
242,170,2022-04-25,2370.0,PayPal
243,76,2024-10-03,1728.64,PayPal
244,153,2021-04-27,794.43,Google Pay
245,463,2024-09-15,2697.15,Bank Transfer
246,162,2025-10-05,1274.07,PayPal
247,222,2025-01-17,1275.98,Credit Card
248,106,2025-07-23,2276.27,Apple Pay
249,123,2024-06-22,2396.12,Bank Transfer
250,100,2024-06-29,2601.45,Apple Pay
251,371,2024-05-20,4183.12,Credit Card
252,3,2023-11-23,2510.98,Bank Transfer
253,89,2025-01-27,2734.74,PayPal
254,147,2025-05-27,1746.73,Google Pay
255,385,2025-08-12,968.19,Bank Transfer
256,177,2025-09-12,1238.66,Bank Transfer
257,73,2022-03-14,2768.56,Google Pay
258,159,2023-09-27,86.74,Bank Transfer
259,368,2021-07-19,1828.15,Apple Pay
260,305,2024-11-13,444.15,Bank Transfer
261,164,2025-10-30,771.8,Google Pay
262,347,2025-04-12,1510.75,PayPal
263,124,2024-04-28,469.38,Credit Card
264,200,2022-08-26,1229.84,Bank Transfer
265,465,2024-03-21,816.3,Bank Transfer
266,91,2024-08-06,1337.01,Bank Transfer
267,281,2023-02-01,513.48,Bank Transfer
268,93,2024-10-06,739.5,Bank Transfer
269,303,2025-08-25,598.46,Credit Card
270,18,2024-02-14,42.17,Credit Card
271,130,2025-07-17,1637.12,Google Pay
272,49,2024-04-25,759.98,Google Pay
273,126,2023-08-14,301.81,Apple Pay
274,365,2022-02-03,442.37,Google Pay
275,35,2023-06-10,1595.2,Apple Pay
276,325,2025-05-08,1062.46,Bank Transfer
277,198,2025-05-03,476.68,Credit Card
278,416,2024-03-27,161.01,PayPal
279,325,2024-06-05,256.44,Bank Transfer
280,167,2025-05-29,702.84,Google Pay
281,1,2023-10-26,1054.25,PayPal
282,85,2023-05-19,1385.65,PayPal
283,239,2022-10-03,1063.93,Apple Pay
284,166,2022-12-01,771.08,PayPal
285,242,2023-10-25,898.47,Credit Card
286,401,2021-01-10,2872.26,Apple Pay
287,16,2023-10-13,459.88,PayPal
288,363,2025-03-01,27.11,Google Pay
289,317,2023-02-13,1216.15,Apple Pay
290,245,2022-05-25,1375.08,PayPal
291,154,2025-06-29,576.64,Apple Pay
292,156,2025-08-20,556.14,Apple Pay
293,429,2025-03-30,759.66,Apple Pay
294,482,2025-10-21,1720.08,Apple Pay
295,257,2025-02-18,1590.05,Credit Card
296,311,2021-08-19,94.82,Google Pay
297,480,2024-11-13,865.56,Bank Transfer
298,49,2021-02-20,588.85,Bank Transfer
299,192,2025-05-23,1938.7,Google Pay
300,193,2022-07-01,2109.37,Credit Card
301,157,2024-10-17,2953.79,Credit Card
302,197,2024-07-07,2401.95,PayPal
303,103,2023-05-27,2294.95,Bank Transfer
304,115,2025-03-04,1024.28,PayPal
305,363,2025-01-26,296.03,Apple Pay
306,464,2023-10-28,594.31,Google Pay
307,56,2024-04-13,759.36,PayPal
308,423,2024-05-12,2154.6,Credit Card
309,180,2024-07-22,2243.35,Bank Transfer
310,306,2024-07-01,3517.73,Google Pay
311,312,2024-09-10,3914.65,Google Pay
312,92,2025-04-23,75.84,Apple Pay
313,372,2024-12-18,557.74,PayPal
314,268,2025-03-10,2018.34,Apple Pay
315,46,2024-04-16,2555.35,PayPal
316,162,2025-01-14,822.06,Apple Pay
317,500,2022-03-20,1969.32,PayPal
318,358,2024-02-22,403.79,PayPal
319,78,2024-09-04,381.82,Credit Card
320,298,2025-07-11,4129.69,Google Pay
321,277,2023-11-20,161.9,Credit Card
322,149,2023-05-26,326.28,Credit Card
323,181,2024-05-11,2908.33,Bank Transfer
324,141,2025-06-20,1292.61,Google Pay
325,434,2023-06-27,1273.88,Google Pay
326,443,2021-04-09,3430.7,Credit Card
327,193,2025-02-03,2478.8,Credit Card
328,321,2024-08-08,2018.84,Credit Card
329,443,2023-05-04,443.04,Apple Pay
330,24,2023-02-18,548.0,Credit Card
331,73,2024-04-24,1504.93,Bank Transfer
332,274,2025-03-15,1382.3,PayPal
333,69,2022-04-30,1556.35,Credit Card
334,5,2025-02-05,107.6,Apple Pay
335,348,2023-06-22,882.26,Google Pay
336,383,2024-08-17,169.98,Google Pay
337,244,2025-05-21,3403.25,PayPal
338,320,2024-03-31,257.56,Credit Card
339,276,2025-09-11,88.49,Google Pay
340,102,2024-10-31,624.88,Bank Transfer
341,490,2022-10-24,1521.08,Credit Card
342,184,2025-06-21,804.23,PayPal
343,434,2025-01-21,1325.35,PayPal
344,413,2025-10-05,1817.7,Bank Transfer
345,92,2025-10-30,2470.51,PayPal
346,75,2025-05-07,1287.96,Apple Pay
347,29,2022-12-30,433.17,PayPal
348,130,2023-03-23,2348.54,Google Pay
349,98,2025-03-31,1227.3,PayPal
350,303,2025-09-12,689.8,Bank Transfer
351,362,2024-12-07,323.7,Credit Card
352,31,2023-09-26,4211.84,Credit Card
353,95,2023-09-29,666.63,Google Pay
354,99,2025-07-17,766.6,Apple Pay
355,310,2025-02-07,573.02,Credit Card
356,103,2024-12-31,333.43,Credit Card
357,389,2023-04-04,1940.36,Bank Transfer
358,91,2025-11-07,4388.94,PayPal
359,216,2025-06-07,1519.75,Bank Transfer
360,242,2023-07-16,1209.57,Apple Pay
361,330,2021-04-13,1694.98,Credit Card
362,450,2022-04-27,2447.46,Credit Card
363,141,2024-02-06,2911.02,Bank Transfer
364,491,2025-06-30,601.33,Bank Transfer
365,312,2023-09-27,2411.38,Credit Card
366,371,2022-09-27,2873.24,Credit Card
367,496,2024-09-23,1436.66,PayPal
368,107,2023-12-13,366.06,Bank Transfer
369,299,2024-02-08,846.34,Apple Pay
370,207,2024-12-19,1805.11,Bank Transfer
371,335,2025-03-25,208.58,Credit Card
372,11,2024-03-21,1046.16,Bank Transfer
373,171,2024-07-12,619.14,Credit Card
374,220,2023-05-25,3480.28,Apple Pay
375,97,2025-07-28,542.26,Bank Transfer
376,199,2025-08-31,1033.58,Apple Pay
377,403,2025-06-17,740.14,Apple Pay
378,116,2024-02-09,1240.33,PayPal
379,349,2022-03-04,1680.54,PayPal
380,407,2025-05-17,1151.94,Credit Card
381,315,2024-06-17,711.33,Credit Card
382,301,2025-01-25,2966.29,Google Pay
383,201,2025-10-10,1445.62,Google Pay
384,209,2024-10-21,7422.28,Apple Pay
385,432,2022-01-07,482.06,Google Pay
386,477,2025-03-18,326.56,Bank Transfer
387,231,2024-12-20,479.6,Credit Card
388,99,2025-08-17,2263.98,PayPal
389,49,2023-10-09,1537.92,Apple Pay
390,41,2024-12-31,257.7,Apple Pay
391,273,2024-07-25,4366.84,Credit Card
392,11,2022-06-26,2305.14,Bank Transfer
393,472,2025-06-13,176.28,Bank Transfer
394,457,2023-02-13,3513.5,Google Pay
395,203,2025-06-05,347.62,Google Pay
396,291,2025-07-19,449.74,Google Pay
397,60,2022-12-07,1119.0,Bank Transfer
398,194,2025-05-21,2703.01,Google Pay
399,341,2025-06-20,384.62,Google Pay
400,33,2022-10-09,194.72,Apple Pay
401,255,2024-12-30,1810.61,Apple Pay
402,489,2024-04-27,684.96,Apple Pay
403,194,2023-04-23,1068.72,Google Pay
404,84,2025-03-02,506.48,Credit Card
405,44,2021-06-18,3388.61,PayPal
406,452,2025-09-16,2538.82,Apple Pay
407,367,2025-06-19,1475.89,PayPal
408,472,2023-10-28,1643.39,Apple Pay
409,119,2024-12-18,1114.71,PayPal
410,213,2023-12-07,173.76,Bank Transfer
411,8,2023-04-16,133.98,Google Pay
412,49,2022-04-24,2312.65,Google Pay
413,440,2025-07-15,266.54,Apple Pay
414,190,2024-12-13,2483.63,PayPal
415,437,2023-07-28,596.4,Apple Pay
416,331,2024-06-17,335.88,Google Pay
417,89,2023-07-07,3534.18,Credit Card
418,375,2025-11-02,1901.1,Apple Pay
419,315,2025-04-07,397.13,Bank Transfer
420,497,2022-07-17,128.08,Apple Pay
421,289,2025-03-07,2721.72,Credit Card
422,456,2022-06-04,2014.54,Apple Pay
423,252,2023-04-25,908.28,Credit Card
424,17,2025-03-27,2820.17,Google Pay
425,354,2022-09-16,3250.16,Credit Card
426,457,2025-04-21,2945.35,Google Pay
427,366,2024-09-18,2779.13,Google Pay
428,222,2024-02-26,513.4,PayPal
429,329,2024-12-28,191.82,Apple Pay
430,493,2023-08-04,2719.0,Bank Transfer
431,155,2025-08-25,1623.77,Credit Card
432,319,2025-07-31,927.1,PayPal
433,72,2024-01-16,1073.31,Bank Transfer
434,139,2024-02-22,1923.9,Google Pay
435,129,2024-06-07,795.03,Apple Pay
436,343,2025-08-14,2052.1,Bank Transfer
437,308,2025-09-24,2506.55,Apple Pay
438,281,2021-08-22,1898.5,Credit Card
439,101,2025-07-19,1517.12,PayPal
440,496,2024-09-20,539.5,Bank Transfer
441,401,2022-12-29,785.76,Bank Transfer
442,21,2024-01-27,17.56,Google Pay
443,149,2023-06-10,4253.1,Credit Card
444,249,2023-06-21,2106.05,PayPal
445,293,2025-04-08,1435.94,PayPal
446,55,2025-10-10,151.34,Apple Pay
447,421,2021-08-08,2354.51,Bank Transfer
448,347,2024-06-05,1970.48,PayPal
449,231,2022-08-05,1542.92,Credit Card
450,455,2025-08-30,676.2,Apple Pay
451,367,2024-09-05,3499.98,Apple Pay
452,477,2025-11-01,281.68,PayPal
453,430,2024-04-09,2240.04,Credit Card
454,200,2025-08-25,1530.08,Apple Pay
455,56,2022-10-30,235.93,Google Pay
456,400,2021-12-28,1804.68,Apple Pay
457,66,2023-07-26,1707.91,Google Pay
458,130,2025-10-17,716.74,Google Pay
459,436,2023-07-30,364.08,Apple Pay
460,105,2021-04-02,2746.58,Google Pay
461,44,2025-07-11,4106.01,Credit Card
462,296,2025-08-15,3112.79,Apple Pay
463,407,2025-10-10,839.79,Google Pay
464,385,2025-08-27,75.67,Google Pay
465,284,2023-01-08,1497.19,Google Pay
466,347,2021-12-22,1253.36,PayPal
467,23,2024-12-20,885.66,Apple Pay
468,137,2025-08-03,652.55,Google Pay
469,181,2025-01-02,1896.65,Bank Transfer
470,296,2025-05-06,480.53,Apple Pay
471,242,2024-05-28,2752.03,Google Pay
472,433,2025-01-14,4635.24,PayPal
473,443,2022-07-15,1464.15,Apple Pay
474,100,2024-01-26,922.4,Bank Transfer
475,151,2023-11-02,384.84,PayPal
476,306,2023-08-11,1489.64,Apple Pay
477,358,2025-10-04,336.96,Bank Transfer
478,1,2025-03-08,1976.15,Google Pay
479,472,2024-06-29,1787.92,Google Pay
480,288,2024-07-19,2296.19,PayPal
481,435,2023-08-02,676.92,PayPal
482,318,2025-02-06,144.53,Bank Transfer
483,176,2024-06-09,1712.3,PayPal
484,126,2025-05-30,136.25,PayPal
485,196,2024-02-25,3050.19,Google Pay
486,226,2024-04-27,62.95,Credit Card
487,83,2025-03-29,144.5,Bank Transfer
488,398,2025-03-27,903.51,Apple Pay
489,337,2025-08-11,279.51,Google Pay
490,110,2025-08-19,1431.14,Apple Pay
491,96,2025-08-31,730.12,Bank Transfer
492,313,2025-10-02,762.01,Apple Pay
493,54,2025-09-04,785.39,Credit Card
494,66,2023-12-07,177.52,Credit Card
495,141,2022-08-11,1481.84,Apple Pay
496,144,2022-03-16,1901.44,Credit Card
497,276,2023-02-22,2517.65,PayPal
498,448,2025-03-31,779.62,PayPal
499,154,2025-01-12,252.81,Bank Transfer
500,14,2023-05-30,126.33,Credit Card
501,115,2025-02-15,3402.25,PayPal
502,322,2025-03-24,3721.89,Google Pay
503,120,2023-03-03,3427.97,Bank Transfer
504,378,2024-11-14,2352.88,Credit Card
505,372,2024-07-26,3506.32,Google Pay
506,62,2022-06-09,988.79,Google Pay
507,118,2024-05-29,3775.94,PayPal
508,350,2025-01-09,366.23,Bank Transfer
509,97,2024-06-04,1017.27,Apple Pay
510,219,2023-03-05,557.91,Apple Pay
511,83,2025-10-15,993.46,Bank Transfer
512,269,2024-02-05,2222.91,Credit Card
513,189,2022-06-27,1598.16,Bank Transfer
514,280,2024-05-15,1710.6,Google Pay
515,215,2025-05-19,3470.39,Apple Pay
516,221,2023-02-07,786.44,Bank Transfer
517,237,2025-03-27,2956.82,Google Pay
518,458,2025-08-24,1300.84,Google Pay
519,172,2024-12-14,74.44,PayPal
520,299,2023-10-01,1624.63,Apple Pay
521,442,2025-01-03,126.74,Credit Card
522,212,2022-01-18,1146.23,PayPal
523,456,2024-09-23,1864.17,Credit Card
524,116,2023-11-10,1994.45,Credit Card
525,316,2025-08-20,2118.92,Bank Transfer
526,358,2024-05-14,2785.17,PayPal
527,437,2023-10-20,1580.3,Google Pay
528,361,2025-03-17,3580.41,Credit Card
529,293,2025-01-15,875.58,Apple Pay
530,324,2025-09-11,883.57,PayPal
531,46,2022-07-02,570.34,PayPal
532,145,2024-03-30,1754.24,Google Pay
533,484,2021-04-15,2304.51,Google Pay
534,456,2025-07-23,1401.78,Bank Transfer
535,108,2024-12-23,2837.75,Google Pay
536,403,2024-09-04,2407.56,Bank Transfer
537,29,2021-10-01,1141.75,Bank Transfer
538,342,2024-09-05,443.16,PayPal
539,88,2024-11-05,2647.08,Google Pay
540,55,2023-12-15,579.41,Google Pay
541,499,2022-09-06,2733.06,Apple Pay
542,237,2024-01-18,895.17,Google Pay
543,493,2023-12-10,729.37,Credit Card
544,405,2023-10-24,3687.48,PayPal
545,140,2022-03-13,693.0,Bank Transfer
546,268,2025-02-27,922.57,Bank Transfer
547,64,2022-08-25,291.96,PayPal
548,102,2025-09-21,601.32,Google Pay
549,389,2025-08-30,261.2,Apple Pay
550,217,2025-03-09,83.17,Credit Card
551,26,2021-08-23,1521.81,Bank Transfer
552,182,2025-01-21,3752.34,PayPal
553,298,2025-10-27,434.0,Google Pay
554,29,2024-10-28,2557.42,PayPal
555,176,2022-09-22,645.27,Bank Transfer
556,351,2024-10-05,1371.6,Credit Card
557,321,2025-07-20,310.0,Bank Transfer
558,78,2025-08-07,336.68,Bank Transfer
559,349,2021-09-04,846.9,Google Pay
560,406,2025-08-11,798.21,Bank Transfer
561,315,2025-06-15,231.05,Google Pay
562,87,2024-12-10,2417.88,Apple Pay
563,478,2024-07-20,1033.81,Bank Transfer
564,427,2025-08-27,1008.87,PayPal
565,229,2024-09-29,1245.66,Google Pay
566,196,2021-10-15,1104.27,Credit Card
567,221,2022-10-11,85.43,Google Pay
568,334,2025-11-03,3153.62,Credit Card
569,400,2024-10-24,1496.12,Credit Card
570,56,2023-10-01,727.38,PayPal
571,268,2025-06-02,11.04,Credit Card
572,367,2024-08-26,29.7,Google Pay
573,299,2024-07-16,1082.61,Credit Card
574,117,2025-09-20,1658.42,PayPal
575,374,2022-09-10,1028.68,Apple Pay
576,483,2025-04-04,629.84,Credit Card
577,362,2024-07-09,103.52,Credit Card
578,340,2024-07-31,1751.84,PayPal
579,448,2025-03-23,177.96,Google Pay
580,464,2021-05-25,1286.22,Google Pay
581,58,2025-03-31,224.71,Bank Transfer
582,66,2023-04-15,557.88,Apple Pay
583,277,2025-06-19,1747.96,Apple Pay
584,255,2025-07-07,2345.05,Bank Transfer
585,441,2021-02-04,2443.86,Apple Pay
586,425,2024-10-10,1654.12,Credit Card
587,347,2024-01-01,1344.33,Credit Card
588,346,2023-03-04,1848.96,Google Pay
589,339,2021-07-06,2325.72,Credit Card
590,471,2024-07-28,692.95,Google Pay
591,260,2022-03-20,1769.09,Bank Transfer
592,43,2024-03-15,472.12,Google Pay
593,32,2025-01-04,794.7,Bank Transfer
594,475,2025-11-02,639.9,Apple Pay
595,259,2025-05-14,632.16,Apple Pay
596,410,2024-04-23,2983.8,Apple Pay
597,108,2024-01-16,868.1,Google Pay
598,374,2023-10-17,323.45,PayPal
599,154,2025-09-05,2658.97,Apple Pay
600,323,2024-09-14,707.68,Bank Transfer
601,316,2024-11-02,921.32,Bank Transfer
602,414,2024-10-19,1968.04,Bank Transfer
603,62,2021-03-29,313.16,Google Pay
604,157,2024-02-11,2216.96,PayPal
605,358,2023-07-30,1442.42,Credit Card
606,214,2023-09-08,184.94,Google Pay
607,99,2025-02-18,336.58,Apple Pay
608,180,2025-03-24,2544.85,Google Pay
609,19,2022-11-17,144.98,Bank Transfer
610,235,2023-07-05,630.38,Bank Transfer
611,238,2023-09-17,2831.25,Apple Pay
612,221,2025-06-17,1217.45,Google Pay
613,321,2024-11-12,2778.78,PayPal
614,463,2024-02-03,3056.34,PayPal
615,205,2024-01-16,369.72,PayPal
616,263,2021-08-23,1561.56,PayPal
617,53,2024-10-06,6399.19,Google Pay
618,275,2025-10-12,1273.07,Credit Card
619,101,2024-12-06,1606.59,Apple Pay
620,174,2025-02-28,83.28,Google Pay
621,359,2021-05-30,1741.73,Bank Transfer
622,62,2024-12-11,647.91,Credit Card
623,432,2022-05-29,559.2,Credit Card
624,298,2023-04-30,223.23,Google Pay
625,116,2024-06-22,19.42,Bank Transfer
626,453,2023-02-21,1805.48,PayPal
627,371,2023-07-10,361.74,Credit Card
628,3,2024-06-05,378.66,Google Pay
629,69,2021-07-26,101.16,PayPal
630,165,2025-01-25,619.82,Apple Pay
631,424,2024-06-15,172.38,Bank Transfer
632,114,2024-05-14,1059.88,Google Pay
633,359,2021-11-09,1696.86,Google Pay
634,418,2025-06-10,710.58,Bank Transfer
635,135,2025-07-13,768.54,Bank Transfer
636,307,2024-08-24,517.98,PayPal
637,369,2021-08-23,1653.72,Bank Transfer
638,269,2022-05-20,1667.49,PayPal
639,475,2025-10-06,937.27,Apple Pay
640,46,2023-10-30,3387.05,Bank Transfer
641,459,2023-06-29,1780.56,Bank Transfer
642,37,2023-09-10,3130.6,Apple Pay
643,284,2024-07-11,986.47,Bank Transfer
644,19,2024-02-11,1809.7,Apple Pay
645,329,2024-05-31,4080.76,Credit Card
646,200,2022-05-22,784.49,Google Pay
647,76,2022-04-25,3004.29,Bank Transfer
648,455,2025-09-06,357.9,PayPal
649,141,2025-06-28,482.16,PayPal
650,122,2024-04-19,1472.33,Credit Card
651,164,2025-11-03,2169.3,Credit Card
652,420,2022-11-05,3302.86,Google Pay
653,203,2024-08-31,949.88,Credit Card
654,343,2025-10-03,4068.46,Google Pay
655,377,2024-12-03,4172.53,Apple Pay
656,152,2025-07-04,358.35,PayPal
657,63,2022-12-11,3776.25,Google Pay
658,410,2024-12-14,621.3,Google Pay
659,241,2025-03-11,171.51,Apple Pay
660,188,2024-09-01,1914.26,PayPal
661,304,2023-05-22,1282.2,Apple Pay
662,63,2023-12-28,1941.23,Google Pay
663,429,2025-09-15,648.78,Bank Transfer
664,55,2024-02-21,927.28,Apple Pay
665,307,2024-11-07,483.15,Google Pay
666,414,2021-07-05,1065.58,Apple Pay
667,119,2025-01-09,1048.74,Google Pay
668,156,2023-11-21,254.26,PayPal
669,484,2025-10-03,2155.58,Google Pay
670,388,2025-07-03,2014.5,PayPal
671,272,2024-12-12,1569.67,PayPal
672,434,2024-08-07,2436.34,PayPal
673,195,2023-07-25,942.02,Google Pay
674,343,2025-05-29,1707.7,PayPal
675,208,2025-05-04,1692.88,Apple Pay
676,493,2023-09-09,2520.85,Credit Card
677,351,2024-04-22,2187.97,Apple Pay
678,229,2024-06-30,494.22,Credit Card
679,397,2024-07-23,2455.57,Bank Transfer
680,131,2025-02-05,698.7,Credit Card
681,347,2024-10-01,784.91,PayPal
682,119,2025-03-29,202.7,Bank Transfer
683,410,2025-04-24,5087.28,Apple Pay
684,86,2025-01-09,806.24,Credit Card
685,393,2021-05-09,839.32,Bank Transfer
686,121,2024-11-26,656.35,Google Pay
687,11,2025-09-06,368.7,Bank Transfer
688,191,2025-04-01,268.75,Google Pay
689,185,2025-08-26,1864.05,Google Pay
690,488,2021-12-23,889.72,Apple Pay
691,38,2025-02-22,954.88,Bank Transfer
692,49,2024-05-10,741.04,Credit Card
693,455,2024-09-21,1218.53,Bank Transfer
694,376,2023-12-29,1924.64,PayPal
695,492,2023-11-24,1394.69,Apple Pay
696,177,2025-04-07,320.1,Bank Transfer
697,296,2025-04-01,1732.38,Apple Pay
698,446,2024-11-21,2626.56,Credit Card
699,392,2024-10-02,177.62,PayPal
700,120,2025-06-14,245.45,PayPal
701,322,2022-04-17,2102.41,Credit Card
702,393,2024-01-06,850.17,Bank Transfer
703,61,2024-10-02,2006.48,PayPal
704,18,2022-07-13,2923.74,PayPal
705,117,2024-10-23,1653.37,Google Pay
706,490,2022-11-02,273.44,PayPal
707,214,2024-10-31,609.46,Bank Transfer
708,15,2025-09-25,172.09,Credit Card
709,363,2025-08-08,1024.84,Apple Pay
710,436,2025-07-05,1574.1,PayPal
711,158,2024-09-17,1298.76,PayPal
712,315,2025-10-29,1069.58,Apple Pay
713,118,2023-05-19,3356.0,PayPal
714,483,2024-06-13,2997.11,PayPal
715,458,2025-10-18,542.21,Google Pay
716,157,2021-11-26,3166.05,PayPal
717,368,2024-07-13,1413.78,Google Pay
718,121,2024-10-25,2191.86,Google Pay
719,73,2022-01-25,213.06,Credit Card
720,374,2023-06-29,272.62,Bank Transfer
721,283,2025-11-07,1801.44,PayPal
722,365,2023-11-25,1177.62,Apple Pay
723,126,2025-02-05,1665.94,Google Pay
724,239,2022-05-29,2387.9,Bank Transfer
725,314,2024-02-20,1451.56,PayPal
726,459,2025-04-03,593.05,Google Pay
727,430,2025-01-07,957.4,Apple Pay
728,86,2023-06-07,86.29,PayPal
729,373,2025-08-28,579.96,Apple Pay
730,146,2025-11-06,654.85,PayPal
731,360,2025-06-16,4532.06,Google Pay
732,7,2023-01-12,1203.12,Google Pay
733,291,2025-06-16,2338.17,Google Pay
734,127,2022-07-02,2258.32,PayPal
735,411,2025-09-10,685.26,Bank Transfer
736,490,2024-09-18,377.43,Google Pay
737,77,2024-10-18,630.26,Credit Card
738,32,2025-03-18,1566.24,Apple Pay
739,309,2025-03-18,2551.02,PayPal
740,83,2023-05-31,1927.67,Credit Card
741,232,2023-12-01,931.88,Google Pay
742,402,2025-10-27,310.08,Google Pay
743,40,2025-08-11,309.45,Apple Pay
744,188,2025-08-20,1016.82,PayPal
745,417,2025-08-23,1397.33,Credit Card
746,374,2023-07-22,1601.31,Apple Pay
747,195,2022-10-11,791.9,Google Pay
748,30,2025-07-06,208.92,Credit Card
749,108,2023-11-12,152.4,Apple Pay
750,334,2024-09-16,222.11,Google Pay
751,441,2024-01-10,855.64,Credit Card
752,334,2025-07-21,139.38,Google Pay
753,470,2023-05-12,564.36,Bank Transfer
754,322,2021-03-30,2816.05,Google Pay
755,31,2024-11-25,1925.05,PayPal
756,464,2025-07-02,2463.72,Apple Pay
757,405,2023-12-28,6156.2,Bank Transfer
758,98,2025-10-07,1215.56,Google Pay
759,120,2023-07-15,466.84,Apple Pay
760,30,2024-06-23,5623.16,Bank Transfer
761,361,2025-07-09,2704.5,PayPal
762,124,2022-11-29,987.03,Bank Transfer
763,178,2025-08-02,151.2,Google Pay
764,477,2025-04-02,3076.84,Bank Transfer
765,488,2022-01-23,1467.4,Credit Card
766,24,2024-12-23,224.49,Credit Card
767,104,2025-08-04,2199.69,Google Pay
768,372,2021-10-10,836.1,Google Pay
769,15,2024-09-25,199.23,Apple Pay
770,201,2024-12-30,1570.11,Bank Transfer
771,211,2023-04-18,1965.07,Bank Transfer
772,62,2021-10-11,588.26,PayPal
773,298,2024-08-10,1566.92,Google Pay
774,289,2022-06-04,596.81,Bank Transfer
775,441,2025-10-17,1004.15,Google Pay
776,5,2025-06-10,2445.59,Google Pay
777,418,2025-02-27,591.2,Google Pay
778,53,2022-07-19,1857.19,Apple Pay
779,71,2025-03-27,2288.25,PayPal
780,151,2023-08-13,2386.12,Google Pay
781,248,2025-01-13,249.24,Apple Pay
782,466,2024-10-22,2378.14,Bank Transfer
783,337,2025-07-18,51.2,Google Pay
784,32,2025-07-26,63.62,Bank Transfer
785,461,2022-09-21,1581.87,Google Pay
786,86,2024-05-28,3169.62,Apple Pay
787,237,2025-02-15,3842.17,PayPal
788,55,2025-08-12,2770.25,Credit Card
789,470,2025-03-12,978.79,PayPal
790,223,2024-12-15,1876.1,PayPal
791,291,2024-09-03,1060.83,PayPal
792,91,2025-02-02,473.45,Apple Pay
793,56,2024-06-19,207.21,Google Pay
794,370,2025-01-03,32.87,Credit Card
795,33,2023-02-20,912.64,Apple Pay
796,408,2025-10-23,715.02,Credit Card
797,13,2025-09-01,1202.2,Credit Card
798,206,2024-12-11,2398.95,Apple Pay
799,3,2025-04-09,1723.98,Credit Card
800,477,2024-10-07,960.12,Bank Transfer
801,243,2025-01-17,3812.9,Bank Transfer
802,438,2021-09-07,559.71,Google Pay
803,207,2021-09-10,1003.26,Apple Pay
804,420,2024-12-26,2735.06,Google Pay
805,121,2025-09-05,898.62,Google Pay
806,410,2025-01-10,425.88,Google Pay
807,19,2022-09-21,1294.07,PayPal
808,410,2025-08-11,656.58,Apple Pay
809,37,2021-01-22,2060.28,PayPal
810,359,2025-10-08,697.52,Google Pay
811,354,2024-04-23,488.3,PayPal
812,24,2021-03-10,2272.58,Google Pay
813,36,2025-05-25,1795.01,Google Pay
814,232,2025-04-22,1560.64,PayPal
815,30,2025-10-28,1634.87,PayPal
816,9,2025-01-05,957.27,Bank Transfer
817,6,2022-07-18,392.04,Credit Card
818,439,2023-10-04,679.16,Credit Card
819,500,2023-08-28,2944.29,Apple Pay
820,150,2024-04-08,159.72,Apple Pay
821,422,2024-11-11,609.18,Google Pay
822,314,2024-06-17,1907.95,Google Pay
823,417,2023-12-27,270.24,Credit Card
824,33,2022-09-28,446.56,Google Pay
825,470,2022-08-06,181.88,Google Pay
826,392,2025-03-17,1847.93,Bank Transfer
827,268,2025-03-15,2149.75,Bank Transfer
828,134,2024-07-28,1632.07,Google Pay
829,341,2025-11-08,537.64,PayPal
830,154,2025-04-08,1999.79,Apple Pay
831,364,2022-11-10,3158.82,Bank Transfer
832,36,2024-06-16,295.28,Apple Pay
833,241,2025-02-05,3845.53,Credit Card
834,474,2025-05-27,946.56,Credit Card
835,201,2025-10-31,1548.78,Bank Transfer
836,68,2022-11-28,1769.5,Credit Card
837,25,2025-06-26,428.6,Bank Transfer
838,313,2024-01-07,3311.05,Google Pay
839,45,2024-05-10,616.24,Apple Pay
840,419,2023-12-14,766.76,Google Pay
841,196,2024-01-15,1710.63,PayPal
842,316,2025-05-21,2464.05,Apple Pay
843,206,2025-09-11,938.54,Apple Pay
844,302,2024-04-16,1857.71,Credit Card
845,2,2025-01-25,1021.53,Credit Card
846,266,2022-06-13,207.88,Credit Card
847,356,2024-09-30,753.1,PayPal
848,132,2025-10-10,86.46,PayPal
849,68,2025-06-27,1975.6,Bank Transfer
850,358,2025-03-13,1851.16,Bank Transfer
851,254,2024-10-21,1481.2,Google Pay
852,376,2021-12-08,17.54,Bank Transfer
853,451,2024-01-02,1202.94,Bank Transfer
854,283,2024-09-08,1541.5,Apple Pay
855,392,2025-09-19,2395.86,Bank Transfer
856,213,2022-07-03,596.25,Google Pay
857,198,2024-09-04,835.44,Apple Pay
858,107,2024-10-01,2203.4,Bank Transfer
859,426,2023-04-28,589.69,Google Pay
860,11,2023-08-22,885.34,PayPal
861,125,2025-09-30,300.35,PayPal
862,437,2024-09-30,2336.44,PayPal
863,23,2025-02-25,1524.25,PayPal
864,246,2024-06-05,36.06,PayPal
865,369,2022-11-26,283.5,PayPal
866,405,2023-04-03,264.96,Google Pay
867,153,2022-12-31,1340.96,PayPal
868,235,2022-12-05,444.36,Credit Card
869,48,2022-01-14,2494.8,Apple Pay
870,22,2025-07-31,1090.96,Credit Card
871,228,2025-09-30,1116.87,Google Pay
872,98,2022-09-13,1372.81,Apple Pay
873,431,2024-08-30,2455.88,Google Pay
874,254,2024-03-29,4342.33,Apple Pay
875,269,2024-03-22,2039.41,Bank Transfer
876,81,2025-02-05,351.78,PayPal
877,59,2025-09-29,2869.69,Google Pay
878,25,2024-10-30,618.68,Apple Pay
879,437,2023-12-22,2350.53,Google Pay
880,421,2021-09-20,1218.42,Credit Card
881,97,2025-10-07,3177.3,Apple Pay
882,27,2024-10-10,1743.84,Google Pay
883,442,2024-10-21,1648.88,Google Pay
884,231,2023-06-28,303.7,Apple Pay
885,149,2025-03-11,1095.12,PayPal
886,225,2023-07-26,2702.57,Credit Card
887,145,2025-04-19,1053.88,Google Pay
888,53,2023-08-01,1830.94,Bank Transfer
889,337,2024-01-01,1057.9,Credit Card
890,205,2023-10-22,162.14,Apple Pay
891,102,2025-06-25,249.16,Credit Card
892,445,2025-03-15,1277.94,Bank Transfer
893,104,2025-08-22,475.98,Bank Transfer
894,339,2022-04-22,620.55,Google Pay
895,361,2025-03-21,248.69,PayPal
896,338,2025-02-23,484.44,Apple Pay
897,121,2025-08-14,1454.25,Bank Transfer
898,184,2025-04-15,5197.17,PayPal
899,451,2025-05-29,661.5,Apple Pay
900,286,2022-03-08,1142.36,Apple Pay
901,402,2024-12-06,1121.68,Bank Transfer
902,282,2023-01-18,1151.48,Apple Pay
903,5,2025-01-14,672.03,Apple Pay
904,122,2024-01-25,1586.8,Google Pay
905,206,2024-12-04,329.36,Google Pay
906,171,2024-08-28,1137.01,Credit Card
907,294,2025-08-13,1561.05,Bank Transfer
908,41,2025-03-04,1934.71,Google Pay
909,403,2024-01-07,1137.36,Apple Pay
910,265,2023-12-16,1075.42,PayPal
911,426,2022-12-08,505.83,Apple Pay
912,164,2021-10-25,305.02,PayPal
913,190,2025-01-01,2008.08,Apple Pay
914,61,2024-07-15,4632.15,Google Pay
915,262,2025-06-10,1601.61,Bank Transfer
916,152,2025-03-20,5233.76,Bank Transfer
917,384,2024-08-28,232.28,Google Pay
918,103,2025-04-25,1785.4,Credit Card
919,32,2025-06-12,967.84,Credit Card
920,456,2025-09-20,59.56,PayPal
921,323,2021-12-24,1282.16,PayPal
922,191,2025-03-28,964.24,Apple Pay
923,167,2024-07-12,249.41,Apple Pay
924,117,2024-09-25,1467.7,Bank Transfer
925,210,2024-07-28,520.2,Bank Transfer
926,121,2025-07-18,1117.64,Google Pay
927,485,2023-03-21,128.0,Bank Transfer
928,286,2021-02-10,681.57,Apple Pay
929,186,2023-11-17,1804.09,Bank Transfer
930,144,2025-03-14,133.9,Google Pay
931,384,2024-07-06,1357.41,Google Pay
932,187,2024-03-25,3148.81,Google Pay
933,385,2023-12-04,1722.93,Bank Transfer
934,121,2025-04-04,1415.88,Bank Transfer
935,40,2025-07-31,459.05,Google Pay
936,206,2025-06-04,1403.11,Apple Pay
937,188,2021-06-10,622.96,Apple Pay
938,251,2025-02-14,104.48,Bank Transfer
939,118,2024-08-13,1284.4,PayPal
940,362,2024-09-29,2243.26,Bank Transfer
941,303,2025-07-13,423.75,Google Pay
942,247,2025-10-14,1891.65,Apple Pay
943,385,2023-05-07,653.31,Credit Card
944,171,2024-06-20,2656.67,Bank Transfer
945,347,2022-04-13,1804.02,Bank Transfer
946,397,2024-09-15,1236.78,Bank Transfer
947,262,2023-12-12,1331.88,Google Pay
948,38,2025-03-28,752.31,Bank Transfer
949,356,2025-02-05,2602.56,Bank Transfer
950,319,2025-03-12,678.55,Google Pay
951,46,2025-03-13,2683.18,Apple Pay
952,169,2024-01-23,1531.2,PayPal
953,340,2024-12-11,167.38,Credit Card
954,380,2023-08-16,96.82,PayPal
955,397,2025-09-03,1350.96,Bank Transfer
956,475,2025-10-22,599.22,Credit Card
957,283,2024-11-07,4580.53,PayPal
958,249,2024-06-15,253.72,Credit Card
959,421,2021-07-15,3807.59,Credit Card
960,339,2023-11-29,747.89,Google Pay
961,87,2023-11-05,70.4,Credit Card
962,247,2025-04-18,1744.15,Google Pay
963,142,2025-04-16,510.94,Credit Card
964,153,2021-08-01,4103.1,Bank Transfer
965,357,2025-09-11,2107.12,PayPal
966,152,2024-02-02,1472.68,Apple Pay
967,247,2025-01-18,1588.95,PayPal
968,352,2022-05-22,341.22,Bank Transfer
969,312,2023-11-01,1866.42,PayPal
970,467,2021-09-26,1184.86,Google Pay
971,363,2025-03-02,1195.11,Credit Card
972,264,2022-01-23,760.71,Bank Transfer
973,183,2024-06-15,2616.1,Apple Pay
974,209,2023-08-15,1144.95,Google Pay
975,160,2022-07-17,2438.75,Google Pay
976,299,2024-08-05,3054.87,PayPal
977,212,2024-11-29,1182.0,Google Pay
978,137,2024-11-30,1426.78,Google Pay
979,131,2025-09-21,2699.72,Google Pay
980,486,2024-12-05,672.85,Google Pay
981,398,2025-06-15,1076.15,Google Pay
982,241,2024-07-19,2551.4,Bank Transfer
983,156,2025-03-18,941.56,Google Pay
984,482,2023-09-26,774.05,Credit Card
985,287,2025-07-13,1225.6,Bank Transfer
986,355,2024-11-19,1849.23,Apple Pay
987,338,2025-02-19,2146.04,PayPal
988,391,2025-03-08,2114.2,Credit Card
989,216,2024-10-17,1496.03,Google Pay
990,72,2025-09-29,2409.95,PayPal
991,300,2025-05-26,3291.1,Bank Transfer
992,213,2024-09-15,1237.63,Google Pay
993,252,2021-01-18,362.54,Apple Pay
994,13,2025-07-13,1371.82,Apple Pay
995,59,2025-02-03,644.16,Credit Card
996,300,2025-08-22,1987.84,Bank Transfer
997,136,2024-07-23,645.84,PayPal
998,285,2021-12-14,2588.47,Google Pay
999,161,2024-09-23,860.96,PayPal
1000,29,2023-08-26,739.29,Google Pay
